CUSTOMER_ID,PART_NUMBER,DATE_DUE,PURCHASE_ORDER_NUMBER,QTY,OPERATOR_ID,OPERATIONS,DATE_RECIEVED
1,3167733H01,2024-03-15,4501767205-P1C,6,4,"Laser, Press Brake",2024-02-22
1,8110506H01,2024-04-01,5500038975-P3H,30,4,"Laser, Press Brake",2024-02-22
1,8110508H01,2024-04-01,5500038975-P3H,30,4,"Laser, Press Brake",2024-02-22
1,3EGM049554-0251,2024-05-01,4501775868-P9T,2,5,"Laser, Press Brake",2024-02-22
1,1C41212H04,2024-04-18,4501776234-A13,22,5,"Laser, Press Brake",2024-02-22
1,5D74644H01,2024-04-26,4501776714-A56,12,5,"Laser, Press Brake",2024-02-22
4,MPD-1031,2024-04-12,72082,52,4,"Laser, Press Brake",2024-02-22
4,MDS-6022,2024-04-12,72082,12,4,"Laser, Press Brake",2024-02-22
1,3EST000220-1209,2024-04-26,4501776714-A56,3,4,"Laser, Press Brake",2024-02-22
1,3164959H01,2024-04-22,5500042497-AC9,82,1,Laser,2024-02-22
1,3EST000220-1936,2024-04-29,5500038246-AL3,35,1,Laser,2024-02-22
1,3157020G03,2024-04-18,5500040381-AC9,38,4,"Laser, Press Brake",2024-02-22
1,100461088,2024-04-18,5500040381-AC9,18,4,"Laser, Press Brake",2024-02-22
1,3155482H01,2024-04-18,5500040381-AC9,44,5,"Laser, Press Brake",2024-02-22
1,3158807H01,2024-04-18,5500040381-AC9,40,1,Laser,2024-02-22
1,3163019H01,2024-04-18,5500040381-AC9,24,2,Water Jet,2024-02-22
1,3163019H02,2024-04-18,5500040381-AC9,24,2,Water Jet,2024-02-22
1,3153447G09,2024-03-25,5500040381-AC9,17,5,"Laser, Press Brake",2024-02-22
1,6963C75G02,2024-04-11,4501774518-A13,7,5,"Laser, Press Brake",2024-02-22
1,6963C75G02,2024-04-16,4501775026-A13,7,5,"Laser, Press Brake",2024-02-23
5,853904,2024-03-22,124013508,10,1,Laser,2024-02-23
1,3158058G01,2024-04-19,5500043018-P9T,3,4,"Laser, Press Brake",2024-02-26
1,3EST000220-1212,2024-05-01,5500038246-AL3,24,5,"Laser, Press Brake",2024-02-26
1,3EST000220-1310,2024-04-29,5500038249-AL3,36,5,"Laser, Press Brake",2024-02-28
1,3156068H03,2024-04-01,5500042902-AC9,25,5,"Laser, Press Brake",2024-02-28
1,3EGM048394-0000,2024-04-30,4501777953-A56,12,2,Water Jet,2024-02-28
2,EY628023G01,2024-04-25,189266,245,1,Laser,2024-02-29
2,EY627733G01,2024-04-25,189266,248,1,Laser,2024-02-29
2,EY627003H01,2024-04-25,189266,251,5,"Laser, Press Brake",2024-02-29
1,3166771G27,2024-04-08,5500042177-AC9,104,5,"Laser, Press Brake",2024-02-29
1,3156070H01,2024-04-19,5500040381-AC9,130,5,"Laser, Press Brake",2024-02-29
1,3EST000220-1252,2024-03-15,5500038246-AL3,15,5,"Laser, Press Brake",2024-02-29
3,D1777H192-D01,2024-07-12,4511347671,8,2,Water Jet,2024-03-04
3,P002350305-A01,2024-07-12,4511347671,5,1,Laser,2024-03-04
3,P002350704-A01,2024-07-12,4511347671,14,5,"Laser, Press Brake",2024-03-04
1,3EH-228881R0001,2024-04-25,1234905,488,1,Laser,2024-03-04
1,100460031,2024-05-22,5500040381-AC9,34,2,Water Jet,2024-03-04
1,4D02699G03,2024-05-23,4501778229-A56,63,5,"Water Jet, Press Brake",2024-03-04
1,3161939H01,2024-05-20,12773,23,4,"Laser, Press Brake",2024-03-04
1,8102126H01,2024-04-01,5500035284-A56,116,5,"Laser, Press Brake",2024-03-05
1,3156993H01,2024-05-20,5500041265-AX5,136,2,Water Jet,2024-03-05
1,3157002H01,2024-03-29,5500041265-AX5,13,2,Water Jet,2024-03-05
1,3155483H01,2024-05-22,5500040381-AC9,38,5,"Laser, Press Brake",2024-03-07
1,3164959H01,2024-05-22,5500040381-AC9,68,1,Laser,2024-03-07
1,3156069H01,2024-05-20,5500040381-AC9,23,5,"Laser, Press Brake",2024-03-07
1,100460031,2024-05-22,5500040381-AC9,36,2,Water Jet,2024-03-07
1,1503F92G02,2024-05-22,5500040381-AC9,21,1,Laser,2024-03-07
1,3156068H02,2024-05-20,5500040381-AC9,20,5,"Laser, Press Brake",2024-03-07
1,100571772,2024-04-01,5500041265-AX5,114,1,Laser,2024-03-07
1,3155482H01,2024-04-22,5500040286-P3H,24,5,"Laser, Press Brake",2024-03-07
1,3155483H01,2024-04-22,5500040286-P3H,14,5,"Laser, Press Brake",2024-03-07
1,3157683G01,2024-05-20,12773,16,1,Laser,2024-03-13
1,3161898G01,2024-05-20,12628,12,1,Laser,2024-03-13
1,3151597G03,2024-05-20,12628,12,1,Laser,2024-03-13
1,3152623H02,2024-05-20,12026,12,1,Laser,2024-03-13
4,FMD-1084-P,2024-04-12,72173,10,1,Laser,2024-03-13
1,8104922H01,2024-03-13,5500043377-A05,1012,5,"Laser, Press Brake",2024-03-13
1,3151606G03,2024-03-29,13708,64,4,"Laser, Press Brake",2024-03-05
1,3035297G01,2024-05-03,4501780147-P1C,20,4,"Laser, Press Brake",2024-03-14
1,3036067G01,2024-05-03,4501780147-P1C,22,5,"Laser, Press Brake",2024-03-14
1,3036067H05,2024-05-03,4501780147-P1C,20,1,Laser,2024-03-14
1,3033502G03,2024-05-03,4501780147-P1C,14,5,"Laser, Press Brake",2024-03-14
1,3033502G02,2024-05-03,4501780147-P1C,14,5,"Laser, Press Brake",2024-03-14
1,3033502G01,2024-05-03,4501780147-P1C,14,5,"Laser, Press Brake",2024-03-14
1,3152623H02,2024-03-08,13216,24,1,Laser,2024-03-15
1,3EST000220-1293,2024-04-29,5500038246-al3,60,5,"Laser, Press Brake",2024-03-18
4,MDS-1058,2024-03-22,NONE,28,1,Laser,2024-03-18
1,3157003H01,2024-04-01,5500041265-AX5,60,2,Water Jet,2024-03-18
1,3EST000204-5645,2024-04-08,5500039721-AC9,54,5,"Laser, Press Brake",2024-03-18
2,H60C590,2024-04-29,187416,75,5,"Laser, Press Brake",2024-03-18
1,3EST000220-1109,2024-04-29,5500039724-AC9,45,4,"Laser, Press Brake",2024-03-18
4,BUG-5707,2024-04-12,72252,10,1,"Laser, Press Brake",2024-03-19
6,DIE,2024-04-05,23887,13,2,Water Jet,2024-03-13
6,CUTTER,2024-04-05,23887,13,2,Water Jet,2024-03-13
2,H7L6149-G51,2024-05-13,187416,22,4,"Laser, Press Brake",2024-03-19
7,070914-1PO,2024-04-30,MSW-00024698,100,1,Laser,2024-03-20
2,HEY372460-G02,2024-05-15,PR4761,6,5,"Laser, Press Brake",2024-03-22
1,3167658G01,2024-05-08,4501780981-P1C,7,5,"Laser, Press Brake",2024-03-22
1,3163741H01,2024-06-20,5500040381-AC9,25,5,"Laser, Press Brake",2024-03-22
1,100651136,2024-09-01,5500042516-AC9,8,5,"Laser, Press Brake",2024-03-22
1,3164959H01,2024-05-20,5500042497-AC9,42,1,Laser,2024-03-22
1,300RJACKSTAND,2024-04-12,4501781254-P2A,10,1,Laser,2024-03-22
1,3166771G21,2024-02-26,5500042177-AC9,42,5,"Laser, Press Brake",2024-03-25
1,3166027H01,2024-03-26,NONE,7,1,Laser,2024-03-26
4,WPD-1110,2024-03-24,72250,56,1,Laser,2024-03-25
4,CWO-3874,2024-05-24,72254,15,5,"Laser, Press Brake",2024-03-26
4,MDS-1015-P,2024-05-24,72254,55,5,"Laser, Press Brake",2024-03-26
1,6D61239H01,2024-06-11,4501783168-A13,2,1,Laser,2024-03-26
1,3162214H01,2024-06-20,5500041370-AH9,120,5,"Laser, Press Brake",2024-03-27
1,3001654H02,2024-05-28,4501783048-A13,520,5,"Laser, Press Brake",2024-03-27
1,3157885H01,2024-05-10,095801-00,4,1,Laser,2024-03-27
4,BUG-9074,2024-04-12,72318,52,4,"Laser, Press Brake",2024-03-27
1,3168648H03,2024-05-21,4501773301-P9T,56,5,"Laser, Press Brake",2024-03-27
1,3153609G01,2024-06-17,5500042497-AC9,40,5,"Laser, Press Brake",2024-04-01
1,8104631G01,2024-05-24,R6306,950,1,Laser,2024-04-02
1,177A320H09,2024-05-24,R6306,1600,1,Laser,2024-04-02
3,P000510014-A01,2024-05-20,4511410058,16,5,"Laser, Press Brake",2024-04-02
8,FE55 Shape,2024-04-19,41711,100,2,Water Jet,2024-04-02
8,3090 Shape,2024-04-12,41711,150,2,Water Jet,2024-04-02
8,BLANK,2024-04-12,41711,100,2,Water Jet,2024-04-02
1,3157819G02,2024-06-03,5500042902-AC9,36,5,"Laser, Press Brake",2024-04-02
1,1D47574G03,2024-06-21,4501783152-A56,20,5,"Water Jet, Press Brake",2024-04-02
4,100-1001,2024-06-01,72374,12,1,Laser,2024-04-05
4,MDS-1009-P,2024-06-01,72374,52,1,Laser,2024-04-05
4,UNI-2416,2024-06-01,72374,28,5,"Laser, Press Brake",2024-04-05
1,6963C75G02,2024-06-04,4501784114-A13,7,5,"Laser, Press Brake",2024-04-08
5,854904,2024-05-15,124026297,10,1,Laser,2024-04-09
1,8105435G01,2024-07-29,5500043377-A05,124,5,"Laser, Press Brake",2024-04-10
1,8105425G01,2024-05-31,5500043377-A05,504,1,Laser,2024-04-10
6,DAMPER PLATE,2024-05-10,23940,4,2,Water Jet,2024-04-11
1,3035548G01,2024-05-31,4501767826-A05,1,1,Laser,2024-04-11
1,8105435G01,2024-05-27,4501783347-P1C,3,5,"Laser, Press Brake",2024-04-11
1,8105030G02,2024-06-14,4501785360-P1C,3,5,"Water Jet, Press Brake",2024-04-11
2,H7L6149-G51,2024-05-13,187416,22,4,"Laser, Press Brake",2024-04-15
1,8104543G01,2024-05-15,Invoice # 57383,45,5,"Laser, Press Brake",2024-04-15
1,3155286G01,2024-04-22,5500042899-AC9,28,4,"Laser, Press Brake",2024-04-15
1,4899B65H03,2024-06-19,4501784311-A13,160,1,Laser,2024-04-16
1,1B41204H01,2024-06-18,4501786573-A13,1,2,Water Jet,2024-04-19
1,TC520107282-R01,2024-06-13,4101307983-A56,21,2,Water Jet,2024-04-19
1,TC520107564-R01,2024-06-13,4101307983-A56,21,4,"Water Jet, Press Brake",2024-04-19
1,3163602G02,2024-05-31,4501767205-P1C,8,4,"Laser, Press Brake",2024-04-23
6,DIE,2024-05-04,23899,7,2,Water Jet,2024-04-05
6,CUTTER,2024-05-04,23899,8,2,Water Jet,2024-04-05
8,126-AA-1001,2024-05-22,41860,1,1,"Laser, Pipe Bender",2024-04-25
6,CSC-001,2024-04-24,23955,1,2,Water Jet,2024-04-18
6,DIE,2024-05-04,23899,5,2,Water Jet,2024-04-05
6,CUTTER,2024-05-04,23899,4,2,Water Jet,2024-04-05
1,1B40644H01,2024-06-20,4501787764-A13,7,1,"Laser, Machine Shop",2024-04-26
1,6963C75G02,2024-06-27,4501788510-A13,7,5,"Laser, Press Brake",2024-04-29
9,EY627003H01,2024-06-06,189266,299,5,"Laser, Press Brake",2024-04-29
9,H9S0261-G01,2024-06-17,187416,301,5,"Laser, Press Brake",2024-05-02
1,8104873G01,2024-07-12,4501788514-P1C,2,4,"Laser, Press Brake",2024-05-02
1,8101398G01,2024-07-12,4501788514-P1C,2,5,"Laser, Press Brake",2024-05-02
1,3EST000220-1330,2024-07-12,4501788514-P1C,2,1,Laser,2024-05-02
1,3EST000220-1252,2024-07-12,4501788514-P1C,2,5,"Laser, Press Brake",2024-05-02
1,3EST000220-1246,2024-07-12,4501788514-P1C,3,5,"Laser, Press Brake",2024-05-02
1,3EST000220-1119,2024-07-12,4501788514-P1C,2,4,"Laser, Press Brake",2024-05-02
1,3EST000220-1123,2024-07-12,4501788514-P1C,2,4,"Laser, Press Brake",2024-05-02
1,3EST000220-1209,2024-07-12,4501788517-P1C,3,5,"Laser, Press Brake",2024-05-02
1,3EST000220-1212,2024-07-12,4501788514-P1C,2,5,"Laser, Press Brake",2024-05-02
1,3EST000220-1109,2024-07-12,4501788514-P1C,3,4,"Laser, Press Brake",2024-05-02
1,3EST000220-1116,2024-07-12,4501788514-P1C,2,4,"Laser, Press Brake",2024-05-02
1,3158459G01,2024-06-20,5500042330-AC9,24,4,"Laser, Press Brake",2024-05-03
1,3EST000220-1209,2024-07-29,5500039724-AC9,100,5,"Laser, Press Brake",2024-05-07
1,3020843H06,2024-07-30,4501785517-P9T,1,1,Laser,2024-05-07
1,3EST000220-1123,2024-07-29,5500039724-AC9,27,4,"Laser, Press Brake",2024-05-07
1,3169091H01,2024-07-09,5500044058-AC9,162,2,Water Jet,2024-05-07
10,3161897G01,2024-07-20,12773,12,1,Laser,2024-05-07
1,3157132H01,2024-07-23,5500042998-AC9,6,5,"Laser, Press Brake",2024-05-07
1,3156965H01,2024-06-20,5500040286-AC9,10,4,"Laser, Press Brake",2024-05-07
1,3155286G01,2024-05-16,5500042899-AC9,10,4,"Laser, Press Brake",2024-05-08
6,"3/8"" MK-A",2024-05-10,23954,8,2,Water Jet,2024-05-09
6,"5/16"" MK-A",2024-05-10,23954,8,2,Water Jet,2024-05-09
1,3153547H01,2024-05-21,5500042904-AC9,16,2,Water Jet,2024-05-09
1,3155915H01,2024-06-02,5500042330-AC9,75,2,Water Jet,2024-05-09
4,MDS-1022-P,2024-07-12,72559,50,1,Laser,2024-05-09
4,BUG-6332-P,2024-07-12,72559,12,4,"Laser, Press Brake",2024-05-09
1,3167658G01,2024-07-03,MPO(10932),23,5,"Laser, Press Brake",2024-05-10
1,8104543G01,2024-06-02,5500043079-AX5,144,5,"Laser, Press Brake",2024-05-10
1,TC8105605G01,2024-07-31,4600085619-A05,391,5,"Laser, Press Brake",2024-05-13
1,3158808H01,2024-07-15,5500040381-AC9,108,1,Laser,2024-05-13
1,3157823G02,2024-07-22,5500040286-P3H,26,5,"Laser, Press Brake",2024-05-13
1,8104542G01,2024-07-30,4501787048-AX5,7,5,"Laser, Press Brake",2024-05-13
1,TC520107281-R01,2024-07-11,4101336892,20,2,Water Jet,2024-05-13
1,8104922H01,2024-06-01,5500043377-A05,450,5,"Laser, Press Brake",2024-05-14
1,8105576G01,2024-07-03,5500042315-P9T,243,5,"Water Jet, Press Brake",2024-05-14
1,8110888G01,2024-05-31,5500041155-A42,40,5,"Laser, Press Brake",2024-05-14
1,100506760,2024-07-22,5500040381-AC9,120,5,"Laser, Press Brake",2024-05-14
1,3155286G03,2024-07-22,5500042909-AC9,11,4,"Laser, Press Brake",2024-05-14
1,8104542G01,2024-07-29,5500043079-AX5,126,5,"Laser, Press Brake",2024-05-14
1,3152610G01,2024-07-29,5500040381-AC9,18,4,"Laser, Press Brake",2024-05-15
1,3152610G01,2024-06-20,5500040286-AC9,7,4,"Laser, Press Brake",2024-05-15
1,3029107H02,2024-06-20,MPO(10924),1,1,Laser,2024-05-15
1,3168416H02,2024-06-19,4501787778-WW1,12,4,"Laser, Press Brake",2024-04-23
1,3163973H01,2024-06-13,5500040381-AC9,32,5,"Laser, Press Brake",2024-05-20
1,3163973H02,2024-06-20,5500040381-AC9,28,5,"Laser, Press Brake",2024-05-20
1,3156932H02,2024-07-15,5500040381-AC9,64,4,"Laser, Press Brake",2024-05-20
1,3163741H01,2024-06-20,5500040381-AC9,25,5,"Laser, Press Brake",2024-05-20
1,3156368H33,2024-06-20,5500040381-AC9,112,4,"Laser, Press Brake",2024-05-20
1,3164959H01,2024-06-20,5500040381-AC9,184,1,Laser,2024-05-20
1,100506760,2024-06-20,5500040381-AC9,112,4,"Laser, Press Brake",2024-05-20
1,3158459G01,2024-06-20,5500040381-AC9,24,4,"Laser, Press Brake",2024-05-20
1,3156068H01,2024-06-20,5500040381-AC9,30,5,"Laser, Press Brake",2024-05-20
1,100506756,2024-06-20,5500040381-AC9,168,4,"Laser, Press Brake",2024-05-20
1,100472706,2024-06-20,5500040381-AC9,30,5,"Laser, Press Brake",2024-05-20
1,3156412G01,2024-07-23,5500040381-AC9,32,5,"Laser, Press Brake",2024-05-22
1,3157819G02,2024-07-23,5500040381-AC9,330,5,"Laser, Press Brake",2024-05-22
1,3154653H01,2024-07-23,5500040381-AC9,230,4,"Laser, Press Brake",2024-05-22
1,3160082G01,2024-07-23,5500040381-AC9,50,4,"Laser, Press Brake",2024-05-22
1,3156965H03,2024-07-23,55000403891-AC9,31,4,"Laser, Press Brake",2024-05-22
1,3157437G01,2024-07-19,5500040381-AC9,80,1,Laser,2024-05-22
1,100461088,2024-07-10,5500040381-AC9,60,4,"Laser, Press Brake",2024-05-22
1,100462745,2024-07-10,5500040381-AC9,24,5,"Laser, Press Brake",2024-05-22
1,3159981H01,2024-07-23,5500040381-AC9,136,1,Laser,2024-05-22
1,3156965H01,2024-07-23,5500040381-AC9,31,4,"Laser, Press Brake",2024-05-22
1,3156965H02,2024-07-22,5500040381-AC9,31,4,"Laser, Press Brake",2024-05-22
1,1503F92G03,2024-07-24,5500040381-AC9,10,1,Laser,2024-05-22
1,3159975G01,2024-07-23,5500040381-AC9,48,5,"Laser, Press Brake",2024-05-22
1,3155037H01,2024-07-22,5500040381-AC9,50,4,"Laser, Press Brake",2024-05-22
1,3155037H02,2024-07-23,5500040381-AC9,50,4,"Laser, Press Brake",2024-05-22
9,H7L6149-G51,2024-06-10,187416,22,4,"Laser, Press Brake",2024-05-22
4,MPD-1011,2024-07-26,72643,100,4,"Laser, Press Brake",2024-05-23
10,3155707H04,2024-06-20,14057,75,5,"Water Jet, Press Brake",2024-05-23
1,100472199,2025-08-05,5600130504,6,5,"Laser, Press Brake",2024-05-23
1,1B41652H01,2024-07-17,4501783688-CU2,1140,1,Laser,2024-05-23
1,3156369H01,2024-07-23,5500040381-AC9,24,5,"Laser, Press Brake",2024-05-23
3,D5600H144-D01,2024-07-19,4511512194,45,4,"Laser, Press Brake",2024-05-23
1,4077B49H01,2024-07-23,5500040381-AC9,51,5,"Laser, Press Brake",2024-05-28
1,3157823G02,2024-07-23,5500040381-AC9,114,5,Laser. Press Brake,2024-05-28
1,8101084G01,2024-07-23,4501788808-A56,6,5,"Water Jet, Press Brake",2024-05-29
1,8101084G01,2024-07-26,MPOW4-300_N37,6,5,"Water Jet, Press Brake",2024-05-29
1,3156069H01,2024-06-20,5500040381-AC9,63,5,"Laser, Press Brake",2024-05-29
1,3157020G03,2024-06-20,5500040381-AC9,60,4,"Laser, Press Brake",2024-05-29
1,404P374170,2024-06-21,MPO(10995),34,1,Laser,2024-06-03
11,PROD PLATE V01,2024-07-26,VERBAL/MIKE,104,5,"Laser, Press Brake",2024-05-31
1,3157819G02,2024-07-23,5500040286-AC9,126,5,"Laser, Press Brake",2024-06-05
1,3168416H01,2024-06-19,4501787778-WW1,30,4,"Laser, Press Brake",2024-04-23
1,8588C86H01,2024-08-09,MPOW4-354_N37,12,5,"Laser, Press Brake",2024-06-07
12,4D02201H01,2024-08-01,R6329,34,5,"Water Jet, Press Brake",2024-06-07
12,1C41134H01,2024-08-01,R6329,35,2,Water Jet,2024-06-07
12,1C41133H01,2024-08-07,R6329,18,1,Laser,2024-06-07
1,8109764G01,2024-08-29,5500038906-A42,22,4,"Laser, Press Brake",2024-06-11
1,3166291G01,2024-05-20,12026,20,5,"Laser, Press Brake",2024-06-11
1,3157819G02,2024-07-23,5500040286-AC9,64,5,"Laser, Press Brake",2024-06-11
1,3156368H33,2024-07-23,5500040286-AC9,64,4,"Laser, Press Brake",2024-06-11
1,3166525G01,2024-08-22,5500040381-AC9,13,1,Laser,2024-06-11
1,3156965H03,2024-08-14,5500040286-AC9,15,4,"Laser, Press Brake",2024-06-11
1,3157823G02,2024-07-23,5500040286-AC9,36,5,"Laser, Press Brake",2024-06-11
13,89291 SD 24-744,2024-07-08,434-743,20,1,Laser,2024-06-07
1,3155024H01,2024-08-16,5500040286-AC9,44,1,Laser,2024-06-11
1,3155482H01,2024-08-16,5500040286-AC9,40,5,"Laser, Press Brake",2024-06-11
1,3155483H01,2024-08-16,5500040286-AC9,24,5,"Laser, Press Brake",2024-06-11
1,3156412G01,2024-08-16,5500040286-AC9,8,5,"Laser, Press Brake",2024-06-11
1,3156965H02,2024-08-16,5500040286-AC9,20,4,"Laser, Press Brake",2024-06-11
1,3157437G01,2024-08-16,5500040286-AC9,65,1,Laser,2024-06-11
1,3156932H01,2024-08-16,5500040286-AC9,24,4,"Laser, Press Brake",2024-06-11
1,3156932H02,2024-08-16,5500040286-AC9,24,4,"Laser, Press Brake",2024-06-11
1,3160082G01,2024-08-16,5500040286-AC9,20,4,"Laser, Press Brake",2024-06-11
1,3156068H01,2024-08-16,5500040286-AC9,25,5,"Laser, Press Brake",2024-06-11
1,3156068H02,2024-08-16,5500040286-AC9,20,5,"Laser, Press Brake",2024-06-11
1,3156068H03,2024-08-16,5500040286-AC9,19,5,"Laser, Press Brake",2024-06-11
1,3156069H01,2024-08-16,5500040286-AL3,42,5,"Laser, Press Brake",2024-06-11
1,3159484H01,2024-08-16,5500040286-AC9,24,4,"Laser, Press Brake",2024-06-11
1,3156965H03,2024-08-22,5500040286-AC9,16,4,"Laser, Press Brake",2024-06-11
1,3162351H01,2024-08-08,5500040381-AC9,30,5,"Laser, Press Brake",2024-06-13
1,3156229H01,2024-08-05,5500040931-AX5,297,1,Laser,2024-06-13
1,3156382H01,2024-08-07,5500040381-AC9,63,5,"Laser, Press Brake",2024-06-13
1,3159981H02,2024-08-05,5500040381-AC9,30,1,Laser,2024-06-13
1,3151597G03,2024-08-20,13216,35,5,"Laser, Press Brake",2024-06-13
1,100588269,2024-08-01,5500042673-AC9,10,5,"Laser, Press Brake",2024-06-13
1,3157744H01,2024-08-08,5500040381-AC9,28,5,"Laser, Press Brake",2024-06-13
1,3157744H02,2024-08-08,5500040381-AC9,28,5,"Laser, Press Brake",2024-06-13
1,3157002H01,2024-08-05,5500039868-A1V,30,2,Water Jet,2024-06-13
9,H7L6149-G51,2024-07-15,187416,44,4,"Laser, Press Brake",2024-06-14
1,3152610G01,2024-08-16,5500040286-AC9,6,4,"Laser, Press Brake",2024-06-11
1,3158807H01,2024-08-22,5500040381-AC9,74,1,Laser,2024-06-18
1,3158806H01,2024-08-19,5500040381-AC9,43,1,Laser,2024-06-18
1,3156070H01,2024-08-22,5500040381-AC9,48,5,"Laser, Press Brake",2024-06-18
1,3157130H01,2024-08-19,5500042998-AC9,18,5,"Laser, Press Brake",2024-06-18
1,3166525G01,2024-08-22,5500040381-AC9,14,1,Laser,2024-06-18
1,100461088,2024-08-22,5500040381-AC9,20,4,"Laser, Press Brake",2024-06-18
1,3EST000220-1252,2024-08-26,5500038246-P1C,21,5,"Laser, Press Brake",2024-06-18
1,3162727G01,2024-08-22,5500040381-AC9,12,5,"Laser, Press Brake",2024-06-18
1,3153447G10,2024-08-22,5500040381-AC9,13,5,"Laser, Press Brake",2024-06-18
1,3156965H01,2024-08-22,5500040286-AC9,16,4,"Laser, Press Brake",2024-06-19
4,UNI-2417,2024-08-26,72841,28,1,Laser,2024-06-19
4,UNI-2418,2024-08-26,72841,28,1,Laser,2024-06-19
4,MDS-1015-P,2024-08-26,72841,55,5,"Laser, Press Brake",2024-06-19
1,8105207H01,2024-08-26,5500043079-AX5,613,1,Laser,2024-06-24
4,WPD-1110,2024-08-29,72440,56,1,Laser,2024-06-24
1,3156826H01,2024-08-22,5500040381-AC9,24,5,"Laser, Press Brake",2024-07-01
1,3156069H01,2024-09-20,5500040381-AC9,77,4,"Laser, Press Brake",2024-07-01
1,3EST000220-1268,2024-09-02,5500039724-AC9,162,4,"Laser, Press Brake",2024-07-01
1,100460749,2024-09-01,5500041265-AX5,24,2,Water Jet,2024-07-01
1,3168416H04,2024-08-01,4101369149,30,5,"Laser, Press Brake",2024-07-02
10,3163603G03,2024-07-19,14563,55,5,"Laser, Press Brake",2024-07-02
1,3EST000220-1246,2024-09-02,5500038392-AC9,42,5,"Laser, Press Brake",2024-07-02
1,8101466H01,2024-09-02,5500037671-A1V,82,1,Laser,2024-07-02
1,3157131H01,2024-09-16,5500042998-AC9,36,5,"Laser, Press Brake",2024-07-02
1,3153447G03,2024-09-16,5500040381-AC9,14,5,"Laser, Press Brake",2024-07-02
1,3156826H01REVA,2024-09-01,5500042516-AC9,32,5,"Laser, Press Brake",2024-07-02
9,H7L6149-G51,2024-08-12,187416,38,4,"Laser, Press Brake",2024-07-11
1,3155037H01,2024-09-20,5500040286-AC9,10,5,"Laser, Press Brake",2024-07-16
1,3156068H03,2024-09-20,5500040381-AC9,48,5,"Laser, Press Brake",2024-07-16
1,100568002,2024-09-18,5500040931-AX5,152,1,Laser,2024-07-16
1,3156412G03,2024-09-20,5500040381-AC9,28,1,"Laser, Press Brake",2024-07-16
1,3163741H01,2024-09-20,5500040381-AC9,10,4,"Laser, Press Brake",2024-07-16
1,3154653H01,2024-09-20,5500040286-AC9,138,4,"Laser, Press Brake",2024-07-16
1,3156069H01,2024-09-20,5500040381-AC9,58,5,"Laser, Press Brake",2024-07-16
1,3156412G03,2024-09-20,5500040381-AC9,84,5,"Laser, Press Brake",2024-07-16
1,3EGM049554-0251,2024-07-30,5500042708-P3H,1,5,"Laser, Press Brake",2024-07-16
2,TC100668H01,2024-09-02,PT20830,17,5,"Laser, Press Brake",2024-07-18
2,HEY633845G01,2024-09-11,PT20819,65,4,"Laser, Press Brake",2024-07-18
2,HEY633845G02,2024-09-11,PT20819,65,4,"Laser, Press Brake",2024-07-18
2,HEY266454G01,2024-08-01,NONE,65,4,"Laser, Press Brake",2024-07-18
2,HEY266454G02,2024-08-01,NONE,65,4,"Laser, Press Brake",2024-07-18
2,HEY264396H03,2024-08-01,NONE,130,4,"Laser, Press Brake",2024-07-18
1,3156932H01,2024-09-27,5500040381-AC9,16,4,"Laser, Press Brake",2024-07-23
1,3EST000220-1119,2024-09-30,5500039724-AC9,18,4,"Laser, Press Brake",2024-07-23
1,8109771G01,2024-09-25,5500038906-A42,11,4,"Laser, Press Brake",2024-07-23
2,TB100390H01,2024-08-05,PR4921,2,5,"Laser, Press Brake",2024-07-23
2,TB100391H01,2024-08-05,PR4921,2,5,"Laser, Press Brake",2024-07-23
9,EY627733G01,2024-08-14,189266,131,1,Laser,2024-07-23
9,EY628023G01,2024-08-14,189266,133,1,Laser,2024-07-23
1,8104543G01,2024-08-28,5500043079-AX5,126,5,"Laser, Press Brake",2024-07-24
1,8105576G01,2024-10-03,5500042315-P9T,40,5,"Water Jet, Press Brake",2024-08-01
1,8104873G01,2024-09-30,5500039684-AC9,11,4,"Laser, Press Brake",2024-08-01
1,8111196H01,2024-10-01,5500042995-P9T,102,1,Laser,2024-08-01
1,3EST000220-1212,2024-10-01,5600133391,13,5,"Laser, Press Brake",2024-08-01
1,3153447G03,2024-10-14,5500042330-AC9,7,5,"Laser, Press Brake",2024-08-01
14,TAG MOUNTING PLATE,2024-09-20,4501288632,310,5,"Laser, Press Brake",2024-08-01
10,3161897G01,2024-12-20,14793,20,1,Laser,2024-08-06
10,3155707H04,2024-10-20,14793,8,5,"Water Jet, Press Brake",2024-08-06
10,3151167G02,2024-12-20,14793,30,1,Laser,2024-08-06
1,8110110G01,2024-08-16,5500038906,4,4,"Laser, Press Brake",2024-06-08
5,854904,2024-08-29,124059933,10,1,Laser,2024-08-08
10,520093897,2024-09-24,14563,12,1,Laser,2024-08-08
1,3156412G01,2024-09-20,5500040286-AC9,12,5,"Laser, Press Brake",2024-08-19
1,3156412G01,2024-10-23,5600130504,28,5,"Laser, Press Brake",2024-08-19
1,3159484H01,2024-10-23,5500040381-AC9,26,4,"Laser, Press Brake",2024-08-19
1,3EST000220-1249,2024-10-28,5500039724-AC9,30,4,"Laser, Press Brake",2024-08-19
1,8104875G01,2024-10-28,5500039684-AC9,27,4,"Laser, Press Brake",2024-08-19
1,3EST000220-1123,2024-10-28,5600133399,30,4,"Laser, Press Brake",2024-08-19
4,MPD-1031,2024-11-08,73038,56,4,"Laser, Press Brake",2024-08-19
1,3166524G01,2024-10-23,5500040381-AC9,25,5,"Laser, Press Brake",2024-08-19
4,MDS-1009-P,2024-11-08,73038,51,1,Laser,2024-08-19
1,3157437G01,2024-10-23,5500040381-AC9,39,1,Laser,2024-08-19
1,8100146G04,2024-10-18,5600130822,65,5,"Water Jet, Press Brake",2024-08-19
1,8100146G05,2024-10-30,5600130822,37,5,"Water Jet, Press Brake",2024-08-19
12,5D75332H01,2024-10-10,R6347,10,1,Laser,2024-08-19
1,3024525H01,2024-10-03,4101428151,6,5,"Laser, Press Brake",2024-08-19
1,3024525H02,2024-10-03,4101428151,11,5,"Laser, Press Brake",2024-08-19
1,3EST000204-5645,2024-10-28,5500039724-AC9,30,5,"Laser, Press Brake",2024-08-19
1,8110003G01,2024-10-23,5500038906-A42,30,4,"Laser, Press Brake",2024-08-19
1,4077B46H01,2024-10-23,5600130504,17,1,Laser,2024-08-19
1,3157823G02,2024-10-23,5600130504,76,5,"Laser, Press Brake",2024-08-19
2,HEY264396H03,2024-09-15,3001,240,4,"Laser, Press Brake",2024-08-21
2,HEY264396H03,2024-09-01,2465,70,4,"Laser, Press Brake",2024-08-21
2,HEY266454G01,2024-09-15,3001,125,4,"Laser, Press Prake",2024-08-21
2,HEY266454G02,2024-09-15,3001,125,4,"Laser, Press Brake",2024-08-21
3,D5600H144-D01,2024-10-15,4511681769,48,4,"Laser, Press Brake",2024-08-23
5,855904,2024-09-13,124063751,15,1,Laser,2024-08-22
1,3028405H03,2024-10-17,4600097886,16,1,Laser,2024-08-26
1,3159981H01,2024-10-23,5600130504,80,1,Laser,2024-08-22
1,1503F92G02,2024-10-23,5600130504,25,1,Laser,2024-08-28
15,3EH-228881R0001,2024-10-25,1255106,218,1,Laser,2024-09-04
1,8107697G01,2024-10-01,4501614722-P3H,92,1,Laser,2024-09-04
9,EY628023G01,2024-10-09,189266,197,1,Laser,2024-09-04
12,5D75643H01,2024-10-10,R6347,12,5,"Punch, Press Brake",2024-08-19
1,6D62002G01,2024-11-20,4101458537,3,5,"Laser, Press Brake",2024-09-05
1,6D62002G02,2024-09-20,4101458537,3,5,"Laser, Press Brake",2024-09-05
1,3013225G01,2024-11-06,4600098157,18,1,Laser,2024-09-05
10,3155707H04,2024-10-20,14057,44,5,"Water Jet, Press Brake",2024-09-05
1,1B41652H01,2024-11-06,4101456776,42,1,Laser,2024-09-05
1,3018989G01,2024-11-20,4101458534,1,1,Laser,2024-09-05
1,1B38580G01,2024-11-07,4101460199,26,1,Laser,2024-09-05
1,3000619H01,2024-11-06,4101458534,8,1,Laser,2024-09-05
1,6D60685G01,2024-11-20,4101458537,2,1,"Laser, Water Jet",2024-09-05
6,15000402,2024-09-13,24139,756,1,Laser,2024-09-06
3,P000510301-A01,2024-09-25,4511710812,30,4,"Laser, Press Brake",2024-09-09
4,UNI-2416,2024-09-13,73378,28,5,"Laser, Press Brake",2024-09-09
1,5D76334G01,2024-11-07,4101452387,3,2,Water Jet,2024-09-09
5,853904,2024-09-30,124067878,10,1,Laser,2024-09-09
1,6D59686H15,2024-11-20,4101458537,1,1,Laser,2024-09-06
1,6D59686H14,2024-11-20,4101458534,1,1,Laser,2024-09-06
1,8105419G01,2024-10-01,5600133217,102,5,"Water Jet, Press Brake",2024-09-13
1,1D47573H05,2024-12-01,DAVE P,128,5,"Water Jet, Press Brake",2024-09-13
1,8105029H01,2024-12-01,DAVE P,27,5,"Water Jet, Press Brake",2024-09-13
1,8105029H02,2024-12-01,DAVE P,27,5,"Water Jet, Press Brake",2024-09-13
1,3163973H01,2024-10-15,5600130517,5,5,"Laser, Press Brake",2024-09-12
1,1C47622G01,2024-11-06,4101458534,3,5,"Laser, Press Brake",2024-09-11
1,3172959H01,2024-09-23,4101452342,4,1,Laser,2024-09-13
1,3172959H02,2024-09-23,4101452342,4,1,Laser,2024-09-13
4,MDS-1057-P,2024-11-18,73387,30,5,"Laser, Press Brake",2024-09-16
4,WPD-1110,2024-11-18,73387,52,1,Laser,2024-09-16
4,FMD-1084-P,2024-11-18,73387,12,1,Laser,2024-09-16
4,WPD-1020,2024-11-18,73387,30,5,"Laser, Press Brake",2024-09-16
4,FMD-1086-P,2024-11-18,73387,12,1,Laser,2024-09-16
4,MDS-1021,2024-11-18,73387,52,1,Laser,2024-09-16
4,MDS-1015-P,2024-08-26,72841,55,4,"Laser, Press Brake",2024-09-18
9,H7L6149-G51,2024-10-14,187416,22,4,"Laser, Press Brake",2024-09-18
1,3001654H02,2024-12-07,4101444943,497,5,"Laser, Press Brake",2024-09-23
1,8109884H01,2024-11-04,4600098546,1,1,Laser,2024-09-23
1,1B41652H01,2024-11-27,4101478835,63,1,Laser,2024-09-23
12,31A7855H01,2024-11-19,R6350,38,5,"Laser, Press Brake",2024-09-24
12,31A7855H13,2024-11-19,R6350,18,1,Laser,2024-09-24
1,3EST000220-1123,2024-10-28,5600133399,15,4,"Laser, Press Brake",2024-09-26
1,8104543G01,2024-09-18,5600133393,54,5,"Laser, Press Brake",2024-09-25
3,P000510301-A01,2024-10-16,4511710812,48,4,"Laser, Press Brake",2024-09-26
1,3156029H01,2024-12-05,4101485321,5,4,"Laser, Press Brake",2024-09-26
16,"24"" X 18"" SIGNS",2024-10-11,VERBAL/ELLEN,10,1,Laser,2024-09-26
1,RACKING BRACKET,2024-10-18,VERBAL/STACEY,44,4,"Laser, Press Brake",2024-08-19
17,Alum Trd Plts,2024-11-05,VERBAL/JERRY,3,2,Water Jet,2024-10-03
1,3EGM048808-0001,2024-11-21,5600138496,18,4,"Laser, Press Brake",2024-10-06
2,HEY633845-G01,2024-10-15,PT20819,250,4,"Laser, Press Brake",2024-10-08
2,HEY633845-G02,2024-10-15,PT20819,250,4,"Laser, Press Brake",2024-10-08
9,H7L6149-G51,2024-11-11,187416,45,4,"Laser, Press Brake",2024-10-07
14,TAG MOUNTING PLATE,2024-11-29,4501300073,30,4,"Laser, Press Brake",2024-10-07
8,3090 SHAPE-10MM,2024-11-01,42314,100,2,Water Jet,2024-10-07
8,BLANK-10MM,2024-11-01,42314,100,2,Water Jet,2024-10-07
1,3156029H02,2024-12-12,4101491512,1,4,"Laser, Press Brake",2024-10-10
1,3160605G04,2024-12-02,4101497670,7,5,"Laser, Press Brake",2024-10-10
1,3001764G01,2024-12-14,4101500926,22,1,Laser,2024-10-10
1,8105405G01,2024-10-23,5600133217,115,4,"Water Jet, Press Brake",2024-10-10
1,8105400G01,2024-12-06,5600133217,185,4,"Water Jet, Press Brake",2024-10-10
1,8105814G01,2024-11-18,5600133217,160,4,"Water Jet, Press Brake",2024-10-10
1,8105402G01,2024-12-30,5600133217,180,4,"Water Jet, Press Brake",2024-10-10
1,8105430G01,2024-10-30,5600133217,360,4,"Water Jet, Press Brake",2024-10-10
9,H60C590,2025-01-10,190730,54,5,"Laser, Press Brake",2024-10-11
9,H9S0261-G01,2025-01-10,190730,113,5,"Laser, Press Brake",2024-10-11
9,H7L6149-G51,2025-01-10,190730,55,4,"Laser, Press Brake",2024-10-11
1,100472706,2024-12-19,5600130504,25,5,"Laser, Press Brake",2024-10-07
7,TGTS,2024-11-15,DMDC-0027595,10,5,"Laser, Press Brake",2024-10-10
1,3157661H01,2024-11-01,5500039868-A1V,8,2,Water Jet,2023-11-20
1,8109228G01,2024-11-01,5500032947-AL3,160,5,"Water Jet, Press Brake",2024-10-01
3,P002350305-A01,2025-06-02,4511658018,2,1,Laser,2024-10-14
18,84C638313P1,2025-01-03,6347,15,5,"Water Jet, Press Brake",2024-06-26
18,84C638313P1,2025-01-03,6493,20,5,"Water Jet, Press Brake",2024-07-25
18,84C638313P1,2025-01-09,6713,16,5,"Water Jet, Press Brake",2024-08-21
18,84C638314P1,2025-01-03,6347,15,5,"Water Jet, Press Brake",2024-06-26
18,84C638314P1,2025-01-03,6493,22,5,"Water Jet, Press Brake",2024-07-25
18,84C638314P1,2025-01-09,6713,16,5,"Water Jet, Press Brake",2024-08-21
18,84C638315P1,2025-01-03,6347,15,5,"Water Jet, Press Brake",2024-06-26
18,84C638315P1,2025-01-03,6493,21,5,"Water Jet, Press Brake",2024-07-25
18,84C638315P1,2025-01-09,6713,16,5,"Water Jet, Press Brake",2024-08-21
2,TC100668H01,2025-04-01,PT20830,124,5,"Laser, Press Brake",2024-10-14
2,TB101448G01,2025-04-01,PT20756,50,5,"Laser, Press Brake",2024-10-14
2,TC100667H01,2025-04-01,PT20830,124,5,"Laser, Press Brake",2024-10-14
1,3173099H09,2024-11-08,VERBAL/JAY M,24,1,Laser,2024-07-24
3,P002350704-A01,2025-02-06,4511625067,22,5,"Laser, Press Brake",2024-10-16
4,BUG-6333-P,2025-01-06,73605,14,5,"Laser, Press Brake",2024-10-16
19,HEY-264396-H03,2024-11-15,3001,370,4,"Laser, Press Brake",2024-10-16
19,HEY-266454-G01,2024-11-15,3001,185,4,"Laser, Press Brake",2024-10-16
19,HEY266454-G02,2024-11-15,3001,185,4,"Laser, Press Brake",2024-10-16
1,3029316H01,2024-12-24,4101511337,12,5,"Laser, Press Brake",2024-10-23
1,2120F13G03,2025-01-02,4101521874,3,5,"Laser, Press Brake",2024-10-28
6,BRASS WASHER,2024-11-08,24255,8,2,Water Jet,2024-10-28
12,5584B17H01,2024-12-19,R6360,104,1,Laser,2024-10-24
1,3EST000220-1264,2024-12-09,5600133399,79,5,"Laser, Press Brake",2024-10-25
1,3EST000220-1252,2024-11-13,5600133391,15,5,"Laser, Press Brake",2024-10-23
1,8111200G01,2025-03-27,5600130826,8,1,"Laser, Press Brake",2024-10-23
1,8101398G01,2025-04-03,56001333253,32,5,"Laser, Press Brake",2024-10-23
1,8110005H01,2025-04-03,5600130812,28,4,"Laser, Press Brake",2024-10-23
1,3EST000220-1310,2025-02-27,5600133391,16,5,"Laser, Press Brake",2024-10-23
1,3EST000220-1246,2025-02-05,5600130814,24,5,"Laser, Press Brake",2024-10-23
1,3EST000235-9407,2024-12-02,5600133253,45,5,"Laser, Press Brake",2024-10-23
4,MPD-1011,2025-01-06,73605,50,4,"Laser, Press Brake",2024-10-23
1,3156826H01,2025-02-20,5600130504,16,5,"Laser, Press Brake",2024-10-23
1,3166525G01,2025-07-09,5600130504,9,1,Laser,2024-10-23
12,87D0685H06,2024-12-12,R6358,1056,3,Punch,2024-10-23
1,3160082G01,2025-01-07,5600130502,5,4,"Laser, Press Brake",2024-10-25
1,3EST000220-1109,2025-02-24,5600133399,27,4,"Laser, Press Brake",2024-10-25
1,8107697G01,2025-07-21,5600133253,61,1,Laser,2024-10-25
12,8100047H01,2024-12-15,R6364,608,1,Laser,2024-11-01
1,8105435G01,2024-11-22,5600133396,232,5,"Laser, Press Brake",2024-11-04
1,3EST000220-1216,2024-12-11,5600133399,213,4,"Laser, Press Brake",2024-11-05
1,8100146G04,2025-01-24,5600130822,56,5,"Laser, Press Brake",2024-11-05
4,BUG-5707,2025-01-10,73710,14,1,Laser,2024-11-06
1,1C45834G01,2025-01-21,4101529511,15,4,"Laser, Press Brake",2024-11-06
1,3163428G01,2024-12-27,4101499350,6,4,"Laser, Press Brake",2024-11-06
1,3167658G01,2024-12-31,4600100136,18,4,"Laser, Press Brake",2024-11-07
1,3160428G01,2024-12-31,4101511458,1,5,"Laser, Press Brake",2024-11-07
4,AGS-1023-P,2025-01-06,73759,14,4,"Laser, Press Brake",2024-11-07
1,3168648H03,2024-12-16,4101417450,28,5,"Laser, Press Brake",2024-11-08
1,3EGM048393-0001,2025-01-15,4101536401,12,5,"Laser, Press Brake",2024-11-08
1,8104542G01,2024-11-08,5600133393,81,5,"Laser, Press Brake",2024-11-11
1,8104631G01,2024-07-24,R6306,330,1,Laser,2024-11-11
2,101466G01,2025-01-06,PT20756,6,5,"Laser, Press Brake",2024-11-13
12,8584C21H02,2024-12-19,R6360,52,5,"Laser, Press Brake",2024-10-24
3,D5600H144-D01,2025-01-10,4511840755,45,4,"Laser, Press Brake",2024-11-18
9,H7L6149-G51,2025-01-10,187416,46,4,"Laser, Press Brake",2024-11-16
10,3161898G01,2025-01-20,14793,18,1,Laser,2024-11-19
1,3001654H02,2025-02-25,4101543759,23,5,"Laser, Press Brake",2024-11-19
10,3042966H02,2024-11-20,13216,18,1,Laser,2024-11-19
10,3042966H02,2025-06-20,14793,6,1,Laser,2024-11-19
1,8104543G01,2024-12-03,5600133393,81,5,"Laser, Press Brake",2024-11-20
13,24-752,2024-11-27,452-756,10,1,Laser,2024-11-20
1,8100146G05,2025-02-27,5600130822,66,5,"Water Jet, Press Brake",2024-11-20
1,8110005H01,2025-04-02,5600130812,55,4,"Laser, Press Brake",2024-11-20
1,8109764G01,2025-04-29,5600135630,22,4,"Laser, Press Brake",2024-11-20
10,3163603G02,2024-10-20,14563,60,5,"Laser, Press Brake",2024-11-25
10,3151597G03,2024-11-20,12628,10,1,Laser,2024-11-25
10,3157683G01,2025-06-20,15667,10,1,Laser,2024-12-02
12,4D02218H01,2025-01-27,R6379,12,5,"Laser, Press Brake",2024-12-02
12,4D02219H01,2025-01-27,R6379,12,5,"Laser, Press Brake",2024-12-02
1,3159981H02,2025-06-17,5600130504,32,1,"Laser, Press Brake",2024-11-25
1,3156018H03,2025-01-07,5600130509,22,2,Water Jet,2024-11-20
1,1913F14H05,2025-01-01,4101569582,10,1,Laser,2024-12-16
1,3163501H01,2025-01-25,5600143657,42,4,"Laser, Press Brake",2024-12-16
1,3155915H01,2025-02-06,5600144297,16,2,Water Jet,2024-12-16
1,3157130H01,2025-01-02,5600144297,6,5,"Laser, Press Brake",2024-12-16
1,3155482H01,2025-01-31,5600130504,53,5,"Laser, Press Brake",2024-12-13
1,3155483H01,2025-01-31,5600130504,53,5,"Laser, Press Brake",2024-12-13
1,3153609G01,2025-02-13,5600130510,10,5,"Laser, Press Brake",2024-12-13
9,EY627003H01,2025-02-14,189266,156,5,"Laser, Press Brake",2024-12-13
1,3EST000220-1264,2025-03-03,5600133399,40,5,"Laser, Press Brake",2024-12-13
1,3157020G03,2025-03-04,5600130504,42,4,"Laser, Press Brake",2024-12-13
1,3156412G01,2025-03-31,5600130504,24,5,"Laser, Press Brake",2024-12-13
1,3156932H01,2025-06-09,5600130504,40,4,"Laser, Press Brake",2024-12-13
1,8109977G01,2025-07-01,5600135630,17,1,Laser,2024-12-13
1,3155024H01,2025-01-01,5600130504,74,1,Laser,2024-12-13
18,4709260P1,2025-02-07,7438,25,2,Water Jet,2024-12-13
1,3155286G01,2025-01-30,5600143657,16,4,"Laser, Press Brake",2024-12-13
1,1910F91G04,2025-02-13,4101582693,2,5,"Laser, Press Brake",2024-12-19
1,1D62745H03,2025-02-12,4101589780,6,1,Laser,2024-12-19
4,BUG-1458-M1,2025-01-31,73921,15,1,Laser,2024-12-19
4,MDS-1009-P,2025-01-31,73921,50,1,Laser,2024-12-19
1,8105605G01,2025-04-22,5600140750,215,5,"Laser, Press Brake",2024-12-20
1,8105605G01,2025-07-01,5600126760,208,5,"Laser, Press Brake",2024-12-20
18,84C638313P1,2025-02-24,7035,31,5,"Water Jet, Press Brake",2024-10-15
18,84C638314P1,2025-02-24,7035,31,5,"Water Jet, Press Brake",2024-10-15
18,84C638315P1,2025-02-24,7035,31,5,"Water Jet, Press Brake",2024-10-15
19,TC100610H01,2025-01-15,3002,43,5,"Water Jet, Press Brake",2024-11-22
19,TC100611H01,2025-01-15,3002,44,5,"Water Jet, Press Brake",2024-11-22
19,TC100612H01,2025-01-15,3002,45,5,"Water Jet, Press Brake",2024-11-22
19,TC100620H01,2025-01-15,3002,36,5,"Water Jet, Press Brake",2024-11-22
19,TB101210H01,2025-02-15,3003,29,2,Water Jet,2024-11-22
19,TB101217H01,2025-02-15,3003,23,5,"Water Jet, Press Brake",2024-11-22
19,TB101218H01,2025-02-15,3003,33,5,"Water Jet, Press Brake",2024-11-22
19,TB101222H01,2025-01-15,3002,46,2,Water Jet,2024-11-22
19,TB101233H01,2025-01-15,3002,46,2,Water Jet,2024-11-22
19,TB101206H01,2025-01-15,3002,41,2,Water Jet,2024-11-22
19,TB101207H01,2025-01-15,3002,43,2,Water Jet,2024-11-22
19,TB101208H01,2025-01-15,3002,43,2,Water Jet,2024-11-22
19,TB101209H01,2025-01-15,3002,42,5,"Water Jet, Press Brake",2024-11-22
19,TC100621H01,2025-01-15,3002,54,5,"Water Jet, Press Brake",2024-11-22
19,TC100608H01,2025-02-15,3003,26,5,"Water Jet, Press Brake",2024-11-22
19,TC100609H01,2025-02-15,3003,36,5,"Water Jet, Press Brake",2024-11-22
19,TC100618H01,2025-02-15,3003,27,5,"Water Jet, Press Brake",2024-11-22
19,TC100619H01,2025-02-15,3003,24,5,"Water Jet, Press Brake",2024-11-22
19,TB101213H01,2025-02-15,3003,31,5,"Water Jet, Press Brake",2024-11-22
19,TB101214H01,2025-02-15,3003,33,5,"Water Jet, Press Brake",2024-11-22
19,TB101215H01,2025-02-15,3003,32,5,"Water Jet, Press Brake",2024-11-22
19,TB101216H01,2025-02-15,3003,33,2,Water Jet,2024-11-22
19,TB101224H01,2025-01-15,3002,41,2,Water Jet,2024-11-22
19,TB101225H01,2025-01-15,3002,28,2,Water Jet,2024-11-22
19,TB101226H01,2025-01-15,3002,46,2,Water Jet,2024-11-22
19,TB101202H01,2025-01-15,3002,41,2,Water Jet,2024-11-22
19,TB101203H01,2025-01-15,3002,54,2,Water Jet,2024-11-22
19,TC100604H01,2025-01-15,3002,45,5,"Water Jet, Press Brake",2024-11-22
19,TC100605H01,2025-01-15,3002,43,5,"Water Jet, Press Brake",2024-11-22
19,TC100614H01,2025-01-15,3002,44,5,"Water Jet, Press Brake",2024-11-22
19,TC100615G01,2025-01-15,3002,45,5,"Water Jet, Press Brake",2024-11-22
19,TC100617G01,2025-01-15,3002,42,5,"Water Jet, Press Brake",2024-11-22
19,TB101223H01,2025-02-15,3003,23,2,Water Jet,2024-11-22
19,TB101211H01,2025-02-15,3003,27,2,Water Jet,2024-11-22
19,TB101212H01,2025-02-15,3003,29,2,Water Jet,2024-11-22
19,TB101200H01,2025-02-15,3003,22,2,Water Jet,2024-11-22
19,TB101201H01,2025-02-15,3003,34,2,Water Jet,2024-11-22
19,TC100600H01,2025-02-15,3003,31,5,"Water Jet, Press Brake",2024-11-22
19,TC100601H01,2025-02-15,3003,30,5,"Water Jet, Press Brake",2024-11-22
19,TC100613H01,2025-02-15,3003,30,5,"Water Jet, Press Brake",2024-11-22
19,TC100616H01,2025-02-15,3003,17,5,"Water Jet, Press Brake",2024-11-22
7,TP15X48,2025-01-17,V14T-0005663,10,5,"Laser, Press Brake",2024-12-20
1,3166291G01,2025-01-15,4101591761,5,5,"Laser, Press Brake",2024-12-20
1,3166535H01,2025-01-15,4101591761,8,4,"Laser, Press Brake",2024-12-20
1,3159285G02,2025-01-15,4101591761,9,4,"Laser, Press Brake",2024-12-20
1,3158898G01,2025-01-15,4101591761,9,4,"Laser, Press Brake",2024-12-20
1,3158898G02,2025-01-15,4101591761,8,4,"Laser, Press Brake",2024-12-20
1,3159284G03,2025-01-15,4101591761,5,4,"Laser, Press Brake",2024-12-20
1,4899B65H03,2025-02-18,4101588041,134,1,Laser,2025-01-07
12,5823C90H02,2025-02-20,R6387,6,1,Laser,2025-01-07
1,1D62745H02,2025-03-01,4101594370,3,1,Laser,2025-01-07
1,8105030G01,2025-02-10,5600147410,63,5,"Water Jet, Press Brake",2025-01-07
1,8105030G02,2025-02-10,5600147410,63,5,"Water Jet, Press Brake",2025-01-07
1,ACMPROTOTYPE,2025-01-17,VERBAL/BRADY,1,4,"Laser, Press Brake",2024-12-19
1,3155915H01,2025-02-06,5600130509,100,2,Water Jet,2025-01-07
6,DAMPERPLATE,2024-12-02,24293,14,2,Water Jet,2024-11-20
1,1D47574G03,2025-01-02,4101512902,11,4,"Water Jet, Press Brake",2025-01-09
1,8104542G01,2025-01-31,5600133393,99,5,"Laser, Press Brake",2025-01-09
1,8104543G01,2025-01-29,5600133393,126,5,"Laser, Press Brake",2025-01-09
1,3EST000220-1310,2025-07-02,5600133391,17,5,"Laser, Press Brake",2025-01-09
1,3EST000220-1119,2025-03-03,5600133399,12,4,"Laser, Press Brake",2025-01-09
1,3EST000220-1252,2025-02-27,5600133391,15,5,"Laser, Press Brake",2025-01-09
1,8105207H01,2025-04-30,5600133393,99,1,Laser,2025-01-09
1,3168648H03,2025-03-04,4101591687,7,5,"Laser, Press Brake",2025-01-10
1,8105414G01,2024-12-31,5600133217,243,2,Water Jet,2025-01-09
1,8105401G01,2025-02-14,5600133217,200,5,"Water Jet, Press Brake",2025-01-09
1,8105430G01,2025-01-29,5600133217,272,4,"Water Jet, Press Brake",2025-01-09
1,8105576G01,2025-04-29,5500042315-P9T,51,5,"Water Jet, Press Brake",2025-01-09
4,MDS-1022,2025-01-24,73675,50,1,Laser,2025-01-10
12,4229B08H02,2025-03-15,R6395,60,1,Laser,2025-01-14
12,4232B91H01,2025-03-15,R6395,25,1,Laser,2025-01-14
12,8107705H01,2025-02-26,R6397,100,2,Water Jet,2025-01-15
4,100-1225,2025-03-27,74097,6,4,"Laser, Press Brake",2025-01-15
4,MPD-1011,2025-03-27,74097,50,4,"Laser, Press Brake",2025-01-15
1,2559B68H01,2025-01-30,4101552472,10,5,"Laser, Press Brake",2025-01-16
1,3015447G01,2025-03-16,4101615840,1,1,Laser,2025-01-17
1,TC51103157S,2025-04-09,4101612426,32,1,Laser,2025-01-17
10,3166291G01,2025-03-03,15726,20,5,"Laser, Press Brake",2025-01-21
1,8110332G01,2025-03-31,5600133399,33,4,"Laser, Press Brake",2025-01-21
1,8111200G01,2025-05-01,5600130826,25,1,Laser,2025-01-21
2,T04932-MBTAROOP1,2025-05-01,PT21545,62,5,"Laser, Press Brake",2025-01-21
1,100506760,2025-04-01,5600130504,44,5,"Laser, Press Brake",2025-01-22
1,3153447G10,2025-04-25,5600130504,8,5,"Laser, Press Brake",2025-01-22
1,3EST000220-1246,2025-05-01,5600130814,42,5,"Laser, Press Brake",2025-01-22
1,3EST000204-5645,2025-05-01,5600133399,64,5,"Laser, Press Brake",2025-01-22
1,3166524G01,2025-05-22,5600130512,13,5,"Laser, Press Brake",2025-01-22
1,3156368H33,2025-05-27,5600130504,140,4,"Laser, Press Brake",2025-01-22
1,3155286G03,2025-05-08,5600130516,13,4,"Laser, Press Brake",2025-01-23
15,3EH-228881R0001,2025-03-20,1270037,200,1,Laser,2025-01-23
1,3159286G02,2025-03-05,4101623781,16,4,"Laser, Press Brake",2025-01-27
4,BUG-6332-P,2025-03-10,74211,12,4,"Laser, Press Brake",2025-01-28
4,MPD-1031,2025-03-10,74211,53,4,Laser. Press Brake,2025-01-28
1,3158709H01,2025-02-28,5600146540,27,5,"Laser, Press Brake",2025-01-29
1,100462745,2025-02-28,5600146540,42,5,"Laser, Press Brake",2025-01-29
1,3158807H01,2025-02-28,5600146540,276,1,Laser,2025-01-29
1,3158806H01,2025-02-28,5600146540,164,1,Laser,2025-01-29
1,3158459G01,2025-02-28,5600146540,50,4,"Laser, Press Brake",2025-01-29
1,3157744H01,2025-03-28,5600146540,28,5,"Laser, Press Brake",2025-01-29
1,3157744H02,2025-03-28,5600146540,28,5,"Laser, Press Brake",2025-01-29
1,3156826H01,2025-03-28,5600146540,48,5,"Laser, Press Brake",2025-01-29
1,3163741H01,2025-02-28,5600146540,50,5,"Laser, Press Brake",2025-01-29
1,3162351H01,2025-03-28,5600146540,7,5,"Laser, Press Brake",2025-01-29
1,3159975G01,2025-05-05,5600146540,20,5,"Laser, Press Brake",2025-01-29
1,3152610G01,2025-02-28,5600146540,45,4,"Laser, Press Brake",2025-01-29
1,3162727G01,2025-05-05,5600146540,9,5,"Laser, Press Brake",2025-01-29
1,100472706,2025-02-28,5600146540,42,5,"Laser, Press Brake",2025-01-29
1,3EST000222-1123,2025-04-25,4101388416,19,4,"Laser, Press Brake",2025-01-31
1,3EST000222-1122,2025-04-25,4101388416,35,4,"Laser, Press Brake",2025-01-31
9,H7L6149-G51,2025-03-07,190730,59,4,"Laser, Press Brake",2025-02-04
2,100667H01,2025-09-05,PT20830,116,5,"Laser, Press Brake",2025-02-04
2,100668H01,2025-09-05,PT20830,122,5,"Laser, Press Brake",2025-02-04
1,8110888G01,2025-06-03,5600135630,42,5,"Laser, Press Brake",2025-02-04
1,3163973H01,2025-07-03,5600130517,34,5,"Laser, Press Brake",2025-02-04
1,3163973H02,2025-06-30,5600130504,41,5,"Laser, Press Brake",2025-02-04
1,3156369H01,2025-08-13,5600130504,18,5,"Laser, Press Brake",2025-02-04
1,3EST000245-1077,2025-08-04,5600133253,128,5,"Laser, Press Brake",2025-02-04
1,8109542G01,2025-10-20,5600130807,14,4,"Laser, Press Brake",2025-02-04
1,8109543G01,2025-08-25,5600130807,38,4,"Laser, Press Brake",2025-02-04
1,3164959H01,2025-02-28,5600146540,146,1,Laser,2025-01-31
1,3162214H01,2025-03-28,5600146540,18,5,"Laser, Press Brake",2025-01-31
10,100701728,2025-03-20,15992,30,1,Laser,2025-02-04
1,3159108H01,2025-03-05,7000319960,6,4,"Laser, Press Brake",2025-02-04
1,3169090H01,2025-02-28,5600146540,36,5,"Laser, Press Brake",2025-01-31
2,101400H01,2025-05-01,PT21587,120,1,Laser,2025-02-04
1,8104875G01,2025-05-01,5600133252,42,4,"Laser, Press Brake",2025-02-05
1,3158806H01,2025-10-03,5600130509,6,1,Laser,2025-02-06
3,P000510014-A01,2025-03-18,4511972607,21,5,"Laser, Press Brake",2025-02-06
3,D5600H144-D01,2025-03-18,4511972607,45,4,"Laser, Press Brake",2025-02-06
1,TM0001,2025-03-07,VERBAL/JASON,4,5,"Laser, Press Brake",2025-02-06
1,3047508G01,2025-03-27,4101635697,2,5,"Laser, Press Brake",2025-02-10
1,3047495G01,2025-03-27,4101635697,6,4,"Laser, Press Brake",2025-02-10
1,3155286G03,2025-05-08,5600130516,13,4,"Laser, Press Brake",2025-02-11
9,H60C590-001,2025-03-10,190730,54,5,"Laser, Press Brake",2025-02-11
9,EY627733G01,2025-04-11,189266,131,1,"Laser, Press Brake",2025-02-11
9,H9S0261-G01,2025-04-14,190730,78,5,"Laser, Press Brake",2025-02-11
9,EY627003H01,2025-04-11,183266,192,5,"Laser, Press Brake",2025-02-11
1,8110000G01,2025-06-06,5600135630,22,4,"Laser, Press Brake",2025-02-12
1,8110003G01,2025-06-06,5600135630,22,4,"Laser, Press Brake",2025-02-12
1,8109766G01,2025-05-21,5600135630,20,4,"Laser, Press Brake",2025-02-12
4,BUG-9074-P,2025-03-28,74296,52,4,"Laser, Press Brake",2025-02-12
1,8109573G01,2025-05-01,5600135630,20,4,"Laser, Press Brake",2025-02-13
1,3155037H01,2025-04-30,5600130504,12,4,"Laser, Press Brake",2025-02-13
1,3155037H02,2025-04-30,5600130504,9,4,"Laser, Press Brake",2025-02-13
1,8110108G01,2025-07-07,5600135630,26,4,"Laser, Press Brake",2025-02-13
1,3153609G01,2025-04-29,5600130510,50,5,"Laser, Press Brake",2025-02-13
1,3EST000220-1216,2025-05-01,5600133399,728,4,"Laser, Press Brake",2025-02-13
1,3EST000245-1033,2025-02-27,5600130819,25,4,"Laser, Press Brake",2025-02-13
1,8109571G01,2025-04-02,5600135630,20,4,"Laser, Press Brake",2025-02-13
1,8109771G01,2025-06-26,5600135630,11,4,"Laser, Press Brake",2025-02-13
1,8109764G01,2025-06-26,5600135630,33,4,"Laser, Press Brake",2025-02-13
1,8110888G01,2025-10-07,5600135630,23,5,"Laser, Press Brake",2025-02-13
1,8110886H01,2025-07-17,5600135630,66,5,"Laser, Press Brake",2025-02-13
1,8110133G01,2025-06-13,5600135630,42,1,Laser,2025-02-13
1,8110110G01,2025-03-03,5600130817,40,4,"Laser, Press Brake",2025-01-14
1,3163019H01,2025-07-31,5600150930,38,2,Water Jet,2025-02-17
1,1D47560H04,2025-03-06,5600138991,370,5,"Punch, Press Brake",2025-02-17
1,3168648H03,2025-04-01,4101643018,6,5,"Laser, Press Brake",2025-02-17
1,3167733H01,2025-03-03,5600150930,7,5,"Laser, Press Brake",2025-02-17
20,3166265G01,2025-04-16,099481-00,1,4,"Laser, Press Brake",2025-02-05
20,3166271H01,2025-04-16,099481-00,1,4,"Laser, Press Brake",2025-02-05
1,8105435G01,2025-06-03,5600133396,128,5,"Laser, Press Brake",2025-02-24
1,3EST000220-1109,2025-06-17,5600133399,45,4,"Laser, Press Brake",2025-02-24
1,3159484H01,2025-05-01,5600151574,32,4,"Laser, Press Brake",2025-02-24
1,3EGM048808-0001,2025-04-01,4101649506,19,4,"Laser, Press Brake",2025-02-24
1,3001654H02,2025-04-22,4101647614,90,5,"Laser, Press Brake",2025-02-24
1,8104184G01,2025-04-01,4101649506,11,5,"Laser, Press Brake",2025-02-24
1,3EST000220-1123,2025-05-01,5600133399,30,4,"Laser, Press Brake",2025-02-24
1,3153609G01,2025-05-02,5600130510,95,5,"Laser, Press Brake",2025-02-24
1,3159981H01,2025-04-03,5600130504,70,1,Laser,2025-02-24
1,3154653H01,2025-05-13,5600130504,216,4,"Laser, Press Brake",2025-02-24
1,3160082G01,2025-05-20,5600130504,1,4,"Laser, Press Brake",2025-02-24
1,3156932H01,2025-06-03,5600130504,36,4,"Laser, Press Brake",2025-02-24
4,CWO-3874,2025-05-28,74382,12,5,"Laser, Press Brake",2025-02-24
1,3D15179G01,2025-05-30,4101655981,40,4,"Laser, Press Brake",2025-02-24
1,3155695H01,2025-05-02,5600130504,28,5,"Laser, Press Brake",2025-02-24
1,3156965H01,2025-09-05,5600130504,9,4,"Laser, Press Brake",2025-02-24
1,3166771G40,2025-03-13,5600130508,120,5,"Laser, Press Brake",2025-02-24
1,3166771G21,2025-05-13,5600130508,22,5,"Laser, Press Brake",2025-03-03
1,3166771G31,2025-04-28,5600130508,52,5,"Laser, Press Brake",2025-03-03
1,3166771G27,2025-04-29,5600130508,474,5,"Laser, Press Brake",2025-03-03
1,8109572G01,2025-05-01,5600135630,25,4,"Laser, Press Brake",2025-03-04
1,3EST000220-1252,2025-05-29,5600133391,18,5,"Laser, Press Brake",2025-03-04
1,8111200G01,2025-06-12,5600130826,56,1,Laser,2025-03-04
1,3EST000220-1119,2025-06-30,5600133399,21,4,"Laser, Press Brake",2025-03-04
1,3EST000222-0382,2025-05-22,4101388416,22,4,Laser. Press Brake,2025-03-04
1,3161469H01,2025-04-30,5600152819,13,1,Laser,2025-03-06
1,3161223H01,2025-04-30,5600152819,26,1,Laser,2025-03-06
2,HEY633845-G01,2026-05-15,PT21823,250,4,"Laser, Press Brake",2025-03-10
2,HEY633845-G02,2026-05-15,PT21823,250,4,"Laser, Press Brake",2025-03-10
1,100621136-A,2025-04-22,5600152951,3,5,"Laser, Press Brake",2025-03-10
1,3159108H01,2025-04-14,4101679996,6,4,"Laser, Press Brake",2025-03-10
1,3158089H01,2025-02-28,5600146540,55,4,"Laser, Press Brake",2025-01-31
1,1C42810H03,2025-05-06,4101688138,27,1,Laser,2025-03-11
2,H7M9451H01,2025-07-21,PT21849,4,5,"Laser, Press Brake",2025-03-11
1,3001654H02,2025-05-02,4101677838,22,5,Laser. Press Brake,2025-03-11
1,8109679G01,2026-03-25,5600135630,28,5,"Laser, Press Brake",2025-02-12
1,1503F92H02,2025-05-13,4101698791,40,1,Laser,2025-03-24
1,1503F92G02,2025-05-13,4101698791,6,1,Laser,2025-03-24
1,8110325G01,2025-03-14,5600133250,22,1,Laser,2025-03-24
1,3152237G02,2025-05-13,4101689802,1,1,Laser,2025-03-19
1,5574C90G01,2025-05-29,4101695995,4,1,Laser,2025-03-24
10,3151606G03,2025-05-20,16017,4,5,"Laser, Press Brake",2025-03-26
1,3EST000220-1249,2025-07-15,5600133399,10,4,"Laser, Press Brake",2025-03-28
1,3EST000220-1264,2025-07-15,5600133399,100,5,"Laser, Press Brake",2025-03-28
12,5820C43H01,2025-05-13,R6427,12,1,Laser,2025-04-02
12,5824C06H01,2025-05-13,R6427,6,1,Laser,2025-04-02
1,3033502G01,2025-06-09,4101694941,5,5,"Laser, Press Brake",2025-04-02
1,3033502G02,2025-06-09,4101694941,5,5,"Laser, Press Brake",2025-04-02
1,3159981H01,2025-07-03,5600130504,115,1,Laser,2025-04-03
1,8104873G01,2025-05-12,5600133252,30,5,"Laser, Press Brake",2025-04-03
12,177A320H09,2025-05-30,R6430,552,1,Laser,2025-04-07
7,070914-1PO,2025-05-02,MSW-00026855,125,1,Laser,2025-04-07
1,3159108H02,2025-05-01,4101724515,2,4,"Laser, Press Brake",2025-04-08
1,3155915H01,2025-04-16,5600130509,32,2,Water Jet,2025-03-26
10,3155707H04,2025-05-20,16017,12,5,"Water Jet, Press Brake",2025-03-26
2,HEY498425-H01,2025-05-13,PT21898,12,5,"Water Jet, Press Brake",2025-03-18
1,1D47574G03,2025-04-10,4101624140,15,5,"Water Jet, Press Brake",2025-01-17
1,4D02699G03,2025-05-20,4101680275,70,5,"Water Jet, Press Brake",2025-03-10
19,HEY264396-H03,2025-04-15,3001,384,4,"Laser, Press Brake",2025-04-07
19,HEY-266454-G01,2025-04-15,3001,185,4,"Laser, Press Brake",2025-04-07
19,HEY-266454-G02,2025-04-15,3001,185,4,"Laser, Press Brake",2025-04-07
1,1C4583G01,2025-06-06,4101718480,20,4,"Laser, Press Brake",2025-04-10
10,3152623H02,2025-06-13,16215,5,1,Laser,2025-04-14
10,3151597G03,2025-06-13,16215,14,1,Laser,2025-04-14
2,H60C590-001,2025-05-12,190730,3,5,"Laser, Press Brake",2025-04-15
1,3159108H01,2025-05-21,4101736630,8,4,"Laser, Press Brake",2025-04-16
1,3159108H02,2025-05-21,4101736630,15,4,"Laser, Press Brake",2025-04-16
1,4077B90G02,2025-06-10,4101743307,3,1,Laser,2025-04-16
1,8107323H01,2025-06-19,4101643664,21,5,"Laser, Press Brake",2025-04-22
1,1B41329H02,2025-07-15,4101739067,48,1,Laser,2025-04-22
1,1B41329H01,2025-07-15,4101739067,28,1,Laser,2025-04-22
12,5819C28H01,2025-06-03,R6439,100,1,Laser,2025-04-23
1,8107220G01,2025-06-19,4101643664,11,5,"Laser, Press Brake",2025-04-22
5,853904,2025-05-15,125031694,10,1,Laser,2025-04-23
1,3049752H01,2025-06-02,4101707722,81,2,Water Jet,2025-04-10
1,3012522G01,2025-06-17,4101750519,12,5,"Laser, Press Brake",2025-04-24
2,P0000022G01,2025-05-30,PT21829,1,4,"Laser, Press Brake",2025-04-03
12,8107705H01,2025-05-29,R6438,408,2,Water Jet,2025-04-17
1,6D61851G01,2025-06-21,4101720216,6,2,Water Jet,2025-04-03
3,P001910023-D01,2025-06-17,4512122151,6,1,Laser,2025-04-24
1,8101398G01,2025-08-05,5600133253,64,5,"Laser, Press Brake",2025-04-28
1,8109571G01,2025-05-29,5600135630,20,5,"Laser, Press Brake",2025-04-24
1,3A65017H01,2025-05-13,4101698791,6,2,Water Jet,2025-03-24
1,8100146G05,2025-05-29,5600130822,110,5,"Water Jet, Press Brake",2025-03-24
1,8100146G04,2025-05-01,5600130822,198,5,"Water Jet, Press Brake",2025-02-24
20,3049988H01,2025-05-27,100199-00,20,5,"Laser, Press Brake",2025-04-01
1,1C45730H01,2025-06-16,4101750670,7,5,"Laser, Press Brake",2025-04-30
1,8105402G02,2025-04-29,5600133217,100,5,"Water Jet, Press Brake",2025-01-22
1,8105815G01,2025-05-08,5600133217,85,5,"Water Jet, Press Brake",2025-04-30
1,8105418G01,2025-05-08,5600133217,121,5,"Water Jet, Press Brake",2025-04-30
1,8107697G02,2025-06-30,5600157627,24,1,Laser,2025-05-01
1,3018989G01,2025-06-17,4101722461,2,1,Laser,2025-05-01
1,1C1176G01,2025-06-20,5600157639,2,2,Water Jet,2025-05-01
1,3034310G01,2025-07-02,4101752551,2,5,"Laser, Press Brake",2025-05-02
1,5D81366H01,2025-06-20,4101718477,2,1,Laser,2025-05-02
2,T05112,2025-10-01,PT22129,6,1,Laser,2025-05-02
1,1C45915H12,2025-12-09,5600157638,8,2,Water Jet,2025-05-02
18,84A230434P1,2025-06-30,8174,10,5,"Water Jet, Press Brake",2025-05-05
1,8104543G01,2025-06-05,5600158416,135,5,"Laser, Press Brake",2025-05-05
1,8104542G01,2025-07-03,5600158416,184,5,"Laser, Press Brake",2025-05-05
1,3175830H01,2025-06-09,4101694941,3,2,Water Jet,2025-04-01
1,3001654H02,2025-07-11,4101765903,205,5,"Laser, Press Brake",2025-05-07
1,3022488H01,2025-07-10,4101765947,7,5,"Laser, Press Brake",2025-05-07
1,3022488H02,2025-07-10,4101765947,7,5,"Laser, Press Brake",2025-05-07
1,3156018H03,2025-05-06,5600130509,18,2,Water Jet,2025-02-14
1,8109758G01,2025-07-08,5600130809,40,4,"Laser, Press Brake",2025-05-12
1,5580B23G01,2025-07-08,4101767701,46,5,"Water Jet, Press Brake",2025-05-12
1,8109756G01,2025-06-05,5600130809,42,5,"Laser, Press Brake",2025-05-12
2,HEY498425-H01,2025-06-19,PT22174,12,5,"Water Jet, Press Brake",2025-05-12
1,100472199,2025-07-16,5600157128,33,5,"Laser, Press Brake",2025-05-12
1,3163602G02,2025-07-07,4101762026,1,4,"Laser, Press Brake",2025-05-13
1,3168157G03,2025-07-07,4101762026,7,5,"Laser, Press Brake",2025-05-13
1,3168157G02,2025-07-07,4101762026,1,1,Laser,2025-05-13
1,3023546H01,2025-07-07,4101762026,5,5,"Laser, Press Brake",2025-05-13
1,3A65018H01,2025-05-13,4101698791,6,2,Water Jet,2025-03-24
1,1D62745H02,2025-06-11,4101714092,5,1,Water Jet,2025-03-03
1,3001654H02,2025-07-30,4101756911,95,5,"Laser, Press Brake",2025-05-20
1,1D62751H03,2025-07-30,4101756911,2,1,Laser,2025-05-20
1,1503F92G03,2025-07-16,5600157128,16,1,Laser,2025-05-19
1,3156369H01,2025-09-04,5600157128,24,5,"Laser, Press Brake",2025-05-19
1,3156068H02,2025-09-09,5600157128,30,5,"Laser, Press Brake",2025-05-19
1,3155482H01,2025-08-04,5600157128,49,5,"Laser, Press Brake",2025-05-19
1,1B41765H01,2025-06-04,5600159418,16,1,Laser,2025-05-19
1,2264D38H01,2025-07-21,5600159421,3,1,Laser,2025-05-19
1,3155915H01,2025-07-16,5600157128,280,2,Water Jet,2025-05-19
1,3155483H01,2025-07-03,5600157128,54,5,"Laser, Water Jet",2025-05-19
1,3159108H02,2025-07-08,4101724486,2,4,"Laser, Water Jet",2025-05-21
4,UNI-2418,2025-07-02,74789,28,1,Laser,2025-05-21
1,3024889G01,2025-07-08,5600159429,5,5,"Laser, Press Brake",2025-05-21
1,3016102G02,2025-07-30,4101756911,6,5,"Laser, Press Brake",2025-05-21
1,3016102G01,2025-07-30,4101756911,6,5,"Laser, Press Brake",2025-05-21
1,8105435G01,2025-08-13,5600159708,96,5,"Laser, Press Brake",2025-05-22
1,8105425G01,2025-08-07,5600159708,304,1,Laser,2025-05-22
1,8105430G01,2025-05-08,5600133217,100,4,"Water Jet, Press Brake",2025-05-22
1,8105419G01,2025-05-08,5600133217,54,5,"Water Jet, Press Brake",2025-05-22
4,MDS-1022,2025-07-27,74903,50,1,Laser,2025-05-22
4,MDS-1011,2025-07-27,74903,51,4,"Laser, Press Brake",2025-05-22
4,WPD-1020,2025-07-23,74903,26,4,"Laser, Press Brake",2025-05-27
4,MDS-6022,2025-07-16,74841,12,5,"Laser, Press Brake",2025-05-27
1,8109571G01,2025-08-28,5600135630,18,4,"Laser, Press Brake",2025-05-27
1,3156368H33,2025-10-30,5600157128,54,4,"Laser, Press Brake",2025-05-19
1,3166525G01,2025-08-12,5600157128,20,1,Laser,2025-05-28
1,3166771G21,2025-07-16,5600157128,156,5,"Laser, Press Brake",2025-05-28
1,3166771G27,2025-07-16,5600157128,375,5,"Laser, Press Brake",2025-05-28
1,3166771G31,2025-07-16,5600157128,325,5,"Laser, Press Brake",2025-05-28
1,3023543G01,2025-07-07,4101762026,4,1,Laser,2025-05-13
18,84C638313P1,2025-06-16,7653,8,5,"Water Jet, Press Brake",2025-01-30
18,84C638314P1,2025-06-16,7653,12,5,"Water Jet, Press Brake",2025-01-30
18,84C638315P1,2025-06-16,7653,11,5,"Water Jet, Press Brake",2025-01-30
1,3166771H23,2025-07-16,5600157128,51,5,"Laser, Press Brake",2025-05-28
1,3163973H01,2025-08-06,5600157128,34,5,"Laser, Press Brake",2025-05-28
1,3160082G01,2025-09-16,5600157128,30,4,"Laser, Press Brake",2025-05-28
1,3159981H01,2025-07-16,5600157128,56,1,Laser,2025-05-28
1,3158807H01,2025-07-16,5600157128,54,1,Laser,2025-05-28
1,3163501H01,2025-07-31,4101792411,36,4,"Laser, Press Brake",2025-05-28
1,3155286G01,2025-07-11,5600143657,7,4,"Laser, Press Brake",2025-05-28
1,8110476G01,2025-08-07,5600130826,20,4,"Laser, Press Brake",2025-05-28
1,3EST000222-1066,2025-08-28,5600130805,36,4,"Laser, Press Brake",2025-05-28
2,TB101448G01,2025-07-01,PT20756,30,4,"Laser, Press Brake",2025-05-28
1,8107437H01,2025-07-23,4101764778,1,2,Water Jet,2025-05-29
1,8107118H01,2025-07-23,4101764778,2,1,Laser,2025-05-29
1,8107120G01,2025-07-23,4101764778,1,1,Laser,2025-05-29
1,8107121G01,2025-07-23,4101764778,1,1,Laser,2025-05-29
12,3024889G01,2025-07-23,R6465,5,5,"Laser, Press Brake",2025-05-30
12,8104232H01,2025-07-23,R6465,100,1,Laser,2025-05-30
3,D5600H144-D01,2025-07-14,4512183218,45,4,"Laser, Press Brake",2025-06-02
4,BUG-1452-M1,2025-07-07,74978,12,4,"Laser, Press Brake",2025-06-04
4,MDS-6022,2025-07-07,74978,12,5,"Laser, Press Brake",2025-06-04
4,MPD-1031,2025-07-07,74978,52,4,"Laser, Press Brake",2025-06-04
1,3164095H01,2025-07-14,5600159429,4,4,"Laser, Press Brake",2025-06-03
1,3163741H01,2025-07-08,4101787638,5,5,"Laser, Press Brake",2025-06-03
4,UNI-2417,2025-07-22,75021,23,1,Laser,2025-06-03
1,810134G01,2025-07-31,4101803992,1,3,"Punch, Press Brake",2025-06-03
5,854904,2025-06-26,125043326,10,1,Laser,2025-06-04
1,6972C93H02,2025-08-21,4101805213,104,1,Laser,2025-06-04
1,3158808H01,2025-07-08,5600146540,54,1,Laser,2025-06-04
1,3158807H01,2025-07-08,5600146540,13,1,Laser,2025-06-04
1,8105425G01,2025-08-20,5600133396,38,1,Laser,2025-06-06
9,EY628023G01,2025-07-03,189266,197,1,Laser,2025-06-06
9,EY627003H01,2025-07-02,189266,192,5,"Laser, Press Brake",2025-06-06
12,8104631G01,2025-07-18,R6457,425,1,Laser,2025-06-11
12,8104631G01,2025-07-21,R6459,25,1,Laser,2025-06-11
1,3156018H03,2025-08-27,5600157128,39,2,Water Jet,2025-06-04
1,3165766H01,2025-06-09,4101742913,4,2,Water Jet,2025-06-04
1,862C213H05,2025-08-11,4101777673,5,5,"Laser, Press Brake",2025-06-16
12,8104021H01,2025-07-23,R6465,104,4,"Laser, Press Brake",2025-05-30
12,8104021H02,2025-07-23,R6465,104,4,"Laser, Press Brake",2025-05-30
12,8104231G01,2025-07-23,R6465,28,4,"Laser, Press Brake",2025-05-30
12,8104231G03,2025-07-23,R6465,28,4,"Laser, Press Brake",2025-05-30
1,3162214H01,2025-07-15,4101809028,6,5,"Laser, Press Brake",2025-06-18
1,652A589H03,2025-09-04,4101805174,152,1,Laser,2025-06-18
1,3162727G01,2025-07-15,4101809028,6,5,"Laser, Press Brake",2025-06-18
1,3157002H01,2025-07-15,4101809028,3,2,Water Jet,2025-06-18
1,8105576G01,2025-08-08,5600133392,55,4,"Water Jet, Press Brake",2025-06-20
1,3155286G03,2025-08-14,5600162549,4,4,"Laser, Press Brake",2025-06-20
1,3EST000220-1252,2025-09-04,5600133391,15,5,"Laser, Press Brake",2025-06-23
1,8109766G01,2025-07-31,5600135630,20,4,"Laser, Press Brake",2025-06-23
1,3175517H01,2025-08-12,4101809028,60,2,Water Jet,2025-06-18
1,4227B80G01,2025-08-27,4101818461,1000,4,"Laser, Press Brake",2025-06-18
1,5D76334G01,2025-08-22,4101832370,1,2,Water Jet,2025-06-25
1,8105605G01,2025-09-05,5600140750,118,5,"Laser, Press Brake",2025-06-24
1,5D74644H01,2025-08-20,4101830484,6,5,"Laser, Press Brake",2025-06-26
1,3025481H01,2025-08-20,4101830484,2,2,Water Jet,2025-06-26
1,3156412G01,2025-10-03,5600130504,8,5,"Laser, Press Brake",2025-06-26
1,3167091H01,2025-07-24,4101839921,19,4,"Laser, Press Brake",2025-06-26
1,8105207H01,2025-08-18,4101820346,33,1,Laser,2025-06-26
2,HEY264396-H03,2025-07-15,3001,372,4,"Laser, Press Brake",2025-06-27
2,HEY266454-G01,2025-07-15,3001,185,4,"Laser, Press Brake",2025-06-27
2,HEY266454-G02,2025-07-15,3001,185,4,"Laser, Press Brake",2025-06-27
2,HEY633845-G01,2025-07-15,PT20819,245,4,"Laser, Press Brake",2025-06-27
2,HEY633845-G02,2025-07-15,PT20819,245,4,"Laser, Press Brake",2025-06-27
1,3024751H02,2025-08-27,5600163114,14,1,Laser,2025-06-30
1,3153073G01,2025-07-01,7000362134,1,4,"Laser, Press Brake",2025-06-17
1,8105418G01,2025-07-10,5600133217,22,5,"Water Jet, Press Brake",2025-07-02
1,8105420G01,2025-07-10,5600133217,42,4,"Water Jet, Press Brake",2025-07-02
1,8105815G01,2025-07-10,5600133217,58,4,"Water Jet, Press Brake",2025-07-02
1,8105814G01,2025-08-28,5600133217,64,4,"Water Jet, Press Brake",2025-07-02
1,8105404G01,2025-08-14,5600133217,80,4,"Water Jet, Press Brake",2025-07-02
1,8105405G01,2025-07-10,5600133217,88,4,"Water Jet, Press Brake",2025-07-02
1,8105400G01,2025-09-11,5600133217,92,4,"Water Jet, Press Brake",2025-07-02
1,8105419G01,2025-08-01,5600133217,97,5,"Water Jet, Press Brake",2025-07-02
7,M2 PLA MT L,2025-08-12,MDC-00089302,52,5,"Laser, Press Brake",2025-06-25
7,M2 PLA MT R,2025-08-12,MDC-00089302,52,5,"Laser, Press Brake",2025-06-25
12,5D75332H01,2025-08-27,R6474,10,1,Laser,2025-07-07
12,3D99643H04,2025-08-27,R6474,303,5,"Laser, Press Brake",2025-07-07
1,1B41137H01,2025-10-21,4101835905,2,5,"Laser, Press Brake",2025-07-07
1,3EST000222-0382,2025-08-18,5600163737,72,4,"Laser, Press Brake",2025-07-07
1,452-Carrier Plate,2025-07-11,4101841691,3,4,"Laser, Press Brake",2025-07-08
1,452-ConnectorShim,2025-07-11,4101841691,3,1,Laser,2025-07-08
1,1D62745H02,2025-08-26,4101849524,2,2,Water Jet,2025-07-08
1,1075F52G02,2025-09-02,4101790961,7,1,Laser,2025-07-11
1,3016105G01,2025-09-02,4101790961,7,4,"Laser, Press Brake",2025-07-11
1,3168416H01,2025-09-25,4101857254,25,4,"Laser, Press Brake",2025-07-11
1,8107208G01,2025-09-30,5600133217,27,4,"Water Jet, Press Brake",2025-07-10
1,3157823G02,2025-10-07,5600130504,78,4,"Laser, Press Brake",2025-07-10
1,3156382H01,2025-08-01,5600130504,11,4,"Laser, Press Brake",2025-07-09
1,8110000G01,2025-08-28,5600135630,44,4,"Laser, Press Brake",2025-07-14
1,8110003G01,2025-08-28,5600135630,44,4,"Laser, Press Brake",2025-07-14
1,3EST000220-1310,2025-10-02,5600133391,36,5,"Laser, Press Brake",2025-07-14
1,3156965H02,2025-08-29,5600130504,6,4,"Laser, Press Brake",2025-07-14
1,8105605G01,2025-09-28,5600140750,48,4,"Laser, Press Brake",2025-07-15
1,3159981H01,2025-08-14,5600130504,100,1,Laser,2025-07-14
1,100588296,2025-09-08,4101847380,9,5,"Laser, Press Brake",2025-07-16
1,3028407G01,2025-07-01,4101763945,3,5,"Punch, Press Brake",2025-07-15
1,8110455H01,2025-08-07,5600130816,60,5,"Laser, Press Brake",2025-07-17
1,3012750G01,2025-09-24,4101855202,5,4,"Laser, Press Brake",2025-07-17
4,UNI-2417,2025-08-29,75297,28,1,Laser,2025-07-18
4,UNI-2418,2025-08-29,75297,28,1,Laser,2025-07-18
10,3151597G03,2025-09-20,17173,30,1,Laser,2025-07-21
1,3046927H01,2025-09-25,4101868694,5,5,"Laser, Press Brake",2025-07-22
1,3046927H02,2025-09-25,4101868694,5,5,"Laser, Press Brake",2025-07-22
1,3046927H03,2025-09-25,4101868694,5,5,"Laser, Press Brake",2025-07-22
1,3046927H04,2025-09-25,4101868694,6,1,Laser,2025-07-22
1,3046927H05,2025-09-25,4101868694,6,1,Laser,2025-07-22
1,3046927H06,2025-09-25,4101868694,11,4,"Laser, Press Brake",2025-07-22
1,8101084G01,2025-09-17,4101866861,8,5,"Water Jet, Press Brake",2025-07-22
1,3036961G01,2025-09-25,4101868694,3,1,Laser,2025-07-22
10,3155707H04,2025-09-20,17183,90,4,"Water Jet, Press Brake",2025-07-23
10,3152623H02,2025-09-20,17183,30,1,Laser,2025-07-23
1,3EST000220-1936,2025-08-31,5600133391,24,1,Laser,2025-07-28
1,3156965H03,2025-08-29,5600130504,25,4,"Laser, Press Brake",2025-07-28
1,3166771G21,2025-08-11,5600157128,100,5,"Laser, Press Brake",2025-07-28
1,8110005H01,2025-09-29,5600130812,10,4,"Laser, Press Brake",2025-07-28
1,3EST000220-1116,2025-09-29,5600133399,36,4,"Laser, Press Brake",2025-07-28
1,3153447G03,2025-09-29,5600130509,2,1,Laser,2025-07-28
1,8110108G01,2025-10-27,5600135630,45,4,"Laser, Press Brake",2025-07-28
1,3EST000220-1212,2025-11-04,5600133391,40,5,"Laser, Press Brake",2025-07-28
3,D5600H144-D01,2025-09-30,4512290056,45,4,"Laser, Press Brake",2025-07-29
1,8100954G01,2025-10-16,4101868537,110,4,"Laser, Press Brake",2025-07-22
1,3156412G01,2025-10-22,5600157128,6,5,"Laser, Press Brake",2025-07-30
1,3153447G03,2025-10-03,5600157128,8,5,"Laser, Press Brake",2025-07-30
1,3153447G09,2025-09-19,5600130504,14,5,"Laser, Press Brake",2025-07-30
1,3155695H01,2025-10-30,5600157128,20,5,"Laser, Press Brake",2025-07-30
1,3159981H02,2025-10-02,5600157128,15,1,Laser,2025-07-30
4,MDS-1009-P,2025-10-01,75368,50,1,Laser,2025-07-30
1,3006092H01,2025-10-17,4101879800,11,1,Laser,2025-07-30
1,3005912G01,2025-10-17,4101879800,16,1,Laser,2025-07-30
1,3023473H01,2025-10-06,5600159418,31,4,"Laser, Press Brake",2025-07-30
1,3165718H01,2025-10-02,5600157128,12,5,"Laser, Press Brake",2025-07-30
1,3163973H02,2025-10-10,5600157128,16,5,"Laser, Press Brake",2025-07-30
1,3158806H01,2025-10-07,5600157128,42,1,"Laser, Press Brake",2025-07-30
1,3165766H01,2025-09-25,4101866841,4,2,Water Jet,2025-08-04
1,3157131H01,2025-08-20,5600130519,5,5,"Laser, Press Brake",2025-08-08
1,3161470H01,2025-10-08,4101811305,4,4,"Laser, Press Brake",2025-08-08
1,3D99995H02,2025-10-08,4101811305,5,5,"Laser, Press Brake",2025-08-08
1,8840D88G01,2025-10-08,4101811305,4,5,"Laser, Press Brake",2025-08-08
1,1503F84H07,2025-10-08,4101811305,4,5,"Laser, Press Brake",2025-08-08
1,8840D91H01,2025-10-08,4101811305,3,5,"Laser, Press Brake",2025-08-08
1,177A396H01,2025-10-01,4101868112,8,1,Laser,2025-08-08
12,177A320H09,2025-10-22,R6481,350,1,Laser,2025-08-08
4,AGS-1023-P,2025-11-15,75476,12,4,"Laser, Press Brake",2025-08-08
4,BUG-9074-P,2025-10-03,75428,52,4,"Laser, Press Brake",2025-08-08
4,WPD-1110,2025-10-03,75428,50,1,Laser,2025-08-08
4,BUG-6332-P,2025-10-03,75428,12,4,"Laser, Press Brake",2025-08-08
1,3160428G01,2025-10-15,5600166728,20,5,"Laser, Press Brake",2025-08-11
4,MDS-1058,2025-10-03,75428,26,1,Laser,2025-08-11
1,3161585G01,2025-11-03,4101890771,8,4,"Laser, Press Brake",2025-08-11
1,3153447G10,2025-07-31,5600130504,6,5,"Laser, Press Brake",2025-08-13
1,3166524G01,2025-09-16,5600130512,22,5,"Laser, Press Brake",2025-08-19
1,520107281-R01,2025-10-06,4101889463,11,2,Water Jet,2025-08-19
1,8105430G01,2025-11-13,5600133217,16,4,"Water Jet, Press Brake",2025-08-19
4,100-1225,2025-11-15,75545,6,4,"Laser, Press Brake",2025-08-19
4,MDS-1009-P,2025-11-15,75545,52,1,Laser,2025-08-19
4,BUG-5707,2025-11-15,75545,11,1,Laser,2025-08-19
4,MPD-1011,2025-11-15,75545,50,4,"Laser, Press Brake",2025-08-19
1,3EST000222-1122,2025-11-17,5600167446,32,4,"Laser, Press Brake",2025-08-19
1,3EST000222-1123,2025-10-28,5600167446,21,4,"Laser, Press Brake",2025-08-19
1,100506756,2025-10-28,5600167190,77,4,"Laser, Press Brake",2025-08-19
1,3026773H01,2025-10-16,5600163114,8,1,Laser,2025-07-30
1,3159981H02,2025-10-02,5600130504,24,1,Laser,2025-08-13
1,3153447G10,2025-11-21,5600157128,10,5,"Laser, Press Brake",2025-08-13
1,3158709H01,2025-09-15,5600146540,2,5,"Laser, Press Brake",2025-08-21
1,3156826H01,2025-09-15,5600146540,6,5,"Laser, Press Brake",2025-08-21
1,3158089H01,2025-09-15,5600146540,3,4,"Laser, Press Brake",2025-08-21
1,3025160G01,2025-11-19,5600163114,4,1,Laser,2025-08-21
4,MPD-1031,2025-11-15,75545,52,4,"Laser, Press Brake",2025-08-21
1,3166771G27,2025-08-01,5600157128,572,5,"Laser, Press Brake",2025-08-21
1,8104543G01,2025-09-05,5600158416,54,4,"Laser, Press Brake",2025-08-26
1,8104542G01,2025-09-05,5600158416,54,4,"Laser, Press Brake",2025-08-26
1,3024525H05,2025-11-20,4101914127,11,4,"Laser, Press Brake",2025-08-29
1,3024525H06,2025-11-20,4101914127,11,4,"Laser, Press Brake",2025-08-29
1,3036358H03,2025-11-17,5600159418,1,1,Laser,2025-08-26
1,3026935G01,2025-11-17,5600160499,18,1,Laser,2025-08-26
1,3026937G02,2025-11-17,5600160499,10,1,"Laser, Water Jet",2025-08-26
1,3026937G01,2025-11-17,5600160499,10,1,"Laser, Water Jet",2025-08-26
1,3166524G01,2025-11-11,5600157128,14,5,"Laser, Press Brake",2025-08-26
1,3153609G01,2025-11-26,5600157128,22,5,"Laser, Press Brake",2025-08-26
1,3153447G10,2025-11-21,5600157128,10,5,"Laser, Press Brake",2025-08-26
4,BUG-6333-P,2025-11-07,75597,13,5,"Laser, Press Brake",2025-08-26
1,8107697G01,2025-11-13,5600133253,61,1,Laser,2025-08-26
1,8110455H01,2025-11-17,5600130816,60,5,"Laser, Press Brake",2025-08-26
1,3166525G01,2025-11-09,5600157128,15,1,Laser,2025-08-26
1,8110332G01,2025-09-29,5600133399,32,4,"Laser, Press Brake",2025-08-26
12,177A320H09,2025-10-22,R6481,108,1,Laser,2025-09-03
1,1503F84H10,2025-10-08,4101811305,12,5,"Laser, Press Brake",2025-08-08
12,8104028H01,2025-07-30,R6469,208,5,"Laser, Press Brake",2025-08-26
1,3153609G01,2025-09-11,5600130510,4,5,"Laser, Press Brake",2025-09-02
1,3EST000220-1209,2025-09-30,5600133399,35,5,"Laser, Press Brake",2025-09-02
1,8109766G01,2025-10-30,5600135630,30,4,"Laser, Press Brake",2025-09-02
1,3EST000204-5645,2025-11-17,5600133399,42,5,"Laser, Press Brake",2025-09-02
1,8109756G01,2025-11-06,5600130809,32,5,"Laser, Press Brake",2025-09-02
1,3EST000245-1033,2025-11-25,5600130819,35,4,"Laser, Press Brake",2025-09-02
9,3001654H02,2025-12-04,194138,504,5,"Laser, Press Brake",2025-09-02
3,D1595H21-D04,2025-09-24,4512363818,21,5,Laser. Press Brake,2025-09-09
1,1B41203H01,2025-10-30,4101878189,112,5,"Laser, Press Brake",2025-07-30
1,3157819G02,2025-10-07,5600130504,266,5,"Laser, Press Brake",2025-09-05
9,EY627003H01,2025-10-10,189266,65,4,"Laser, Press Brake",2025-09-05
1,3156069H01,2025-10-11,5600157128,36,4,"Laser, Press Brake",2025-09-05
1,3157020G03,2025-10-21,5600157128,70,4,"Laser, Press Brake",2025-09-09
1,3EST000220-1293,2025-12-16,5600133391,33,4,"Laser, Press Brake",2025-09-09
1,3154653H01,2025-09-25,7000383573,400,4,"Laser, Press Brake",2025-08-26
1,1B40590H01,2025-12-13,4101929693,14,2,Water Jet,2025-09-09
1,3175517H01,2025-11-13,4101927543,16,2,Water Jet,2025-09-09
1,3021822H02,2025-12-13,4101929693,5,1,Laser,2025-09-10
1,3152237G02,2025-09-15,7000386808,2,1,Laser,2025-09-10
19,HEY264396H03,2025-10-15,3001,372,4,"Laser, Press Brake",2025-09-10
19,HEY266454-G01,2025-10-15,3001,185,4,"Laser, Press Brake",2025-09-10
19,HEY266454-G02,2025-10-15,3001,185,4,"Laser, Press Brake",2025-09-10
2,HEY633845-G01,2025-10-15,PT20819,245,4,"Laser, Press Brake",2025-09-10
2,HEY633845-G02,2025-10-15,PT20819,245,4,"Laser, Press Brake",2025-09-10
10,3027609G01,2025-10-01,17592,5,5,"Laser, Press Brake",2025-09-10
1,3166771G31,2025-10-02,5600157128,225,5,"Laser, Press Brake",2025-09-10
1,3156993H01,2025-11-04,5600130500,138,2,Water Jet,2025-09-10
1,3156993H01,2025-12-16,5600130507,54,2,Water Jet,2025-09-10
1,3EST000220-1264,2025-11-17,5600133399,144,5,"Laser, Press Brake",2025-09-04
1,3157020G03,2025-12-03,5600157128,80,4,"Laser, Press Brake",2025-09-04
1,3158807H01,2025-12-08,5600157128,18,1,Laser,2025-09-04
1,3EST000235-9407,2025-12-12,5600133253,45,5,"Laser, Press Brake",2025-09-04
1,3152237G01,2025-10-02,7000386353,1,1,Laser,2025-09-04
1,8108474G01,2025-09-29,4600133239,72,4,"Laser, Press Brake",2025-09-15
1,3019441H02,2025-11-13,5600168721,5,1,Laser,2025-09-16
1,3EST000220-1246,2025-11-18,5600130814,30,4,"Laser, Press Brake",2025-09-16
4,WPD-1020,2025-12-22,74903,32,5,"Laser, Press Brake",2025-09-16
1,3166771G40,2025-12-22,5600157128,64,5,"Laser, Press Brake",2025-09-17
1,3156070H01,2025-12-09,5600157128,80,5,"Laser, Press Brake",2025-09-17
1,5818C63G01,2025-12-26,4101937667,104,5,"Laser, Press Brake",2025-09-17
1,3029107H02,2025-12-09,5600159429,4,1,Laser,2025-09-17
1,8839D59H02,2025-12-19,4101937648,8,5,"Laser, Press Brake",2025-09-17
1,3024691G05,2025-12-09,5600159429,6,4,"Laser, Press Brake",2025-09-17
1,8105605G01,2025-12-08,4600103254,463,4,"Laser, Press Brake",2025-09-17
11,QUIVER CLIP,2025-09-25,VERBAL/MIKE,54,5,"Laser, Press Brake",2025-09-04
1,1503F84H10,2025-10-08,4101811305,9,5,"Laser, Press Brake",2025-08-08
5,855904,2025-10-18,125072977,15,1,Laser,2025-09-23
1,3EST000220-1119,2025-12-15,5600133399,15,4,"Laser, Press Brake",2025-09-23
1,3157028G02,2025-12-08,5600157128,30,4,"Laser, Press Brake",2025-09-19
1,3166771H23,2025-10-23,5600157128,51,5,"Laser, Press Brake",2025-09-18
1,8110476G01,2025-11-06,5600130826,40,4,"Laser, Press Brake",2025-09-18
1,3EST000220-1216,2025-11-17,5600133399,190,4,"Laser, Press Brake",2025-09-18
1,3155288G03,2026-09-10,5600162549,15,4,"Laser, Press Brake",2025-09-18
1,3155482H01,2025-11-05,5600157128,48,5,"Laser, Press Brake",2025-09-05
3,D5600H144-D01,2025-11-13,4512382740,54,4,"Laser, Press Brake",2025-09-26
1,3156068H02,2025-12-09,5600157128,39,5,"Laser, Press Brake",2025-10-02
1,3EST000220-1209,2025-11-17,5600133399,48,5,"Laser, Press Brake",2025-10-02
2,HEY803256-H01,2025-10-08,VERBAL,203,1,Laser,2025-10-02
1,3046927H07,2025-09-25,4101868694,11,4,"Laser, Press Brake",2025-10-02
1,3164589H01,2025-10-27,7000394830,1,2,Water Jet,2025-10-01
12,5D75643H01,2025-11-19,R6501,12,5,"Punch, Press Brake",2025-09-26
1,3027394G01,2025-12-01,5600163114,6,5,"Punch, Press Brake",2025-09-19
1,3D15179G01,2026-01-16,4101937590,17,4,"Laser, Press Brake",2025-10-03
1,8104873G01,2025-11-04,5600133252,32,4,"Laser, Press Brake",2025-10-07
1,3EST000220-1252,2025-11-25,5600133391,18,5,"Laser, Press Brake",2025-10-08
1,8110888G01,2025-12-23,5600135630,29,5,"Laser, Press Brake",2025-10-08
1,3EST000220-1123,2025-12-15,5600133399,6,4,"Laser, Press Brake",2025-10-08
1,3157132H01,2025-11-05,5600171318,2,5,"Laser, Press Brake",2025-10-08
1,1B41597H01,2026-01-06,4101961261,21,1,Laser,2025-10-10
1,3166771G31,2026-01-07,5600157128,108,5,"Laser, Press Brake",2025-10-13
2,101472G01,2025-12-18,PT22747,7,4,"Laser, Press Brake",2025-10-13
2,101472G01,2026-02-02,PT22711,7,4,"Laser, Press Brake",2025-10-13
1,3156932H02,2025-12-15,5600171174,42,4,"Laser, Press Brake",2025-10-13
1,3157823G02,2025-12-15,5600171174,180,4,"Laser, Press Brake",2025-10-13
1,3011868H01,2025-12-15,5600171174,16,1,Laser,2025-10-13
1,3024532H01,2025-12-15,5600171174,9,5,"Laser, Press Brake",2025-10-13
1,3156993H01,2026-01-20,5600171174,94,2,Water Jet,2025-10-13
12,31A7855H02,2025-11-24,R6510,8,5,"Laser, Press Brake",2025-10-14
12,31A7855H11,2025-11-24,R6510,3,1,Laser,2025-10-14
1,3EST000222-1123,2025-10-28,5600167446,2,5,"Laser, Press Brake",2025-10-14
1,3153447G03,2025-11-13,5600157128,4,5,"Laser, Press Brake",2025-10-14
1,APM-300-SPLICE-PLATE,2025-11-10,4101982808,12,2,Water Jet,2025-10-15
1,1B38268G01,2026-01-06,4101970773,23,4,"Water Jet, Press Brake",2025-10-08
1,8109571G01,2025-12-25,5600135630,29,4,"Laser, Press Brake",2025-10-20
1,3166771G21,2025-12-08,5600157128,78,5,"Laser, Press Brake",2025-10-17
1,8109771G01,2025-11-15,5600135630,68,4,"Laser, Press Brake",2025-10-17
1,3EST000220-1109,2025-11-17,5600133399,70,4,"Laser, Press Brake",2025-10-17
1,3166771G40,2025-11-15,5600157128,84,5,"Laser, Press Brake",2025-10-22
4,MDS-1021,2025-12-19,75896,51,1,Laser,2025-10-17
4,FMD-1084,2025-12-19,75896,11,1,Laser,2025-10-17
4,FMD-1086,2025-12-19,75896,11,1,Laser,2025-10-17
4,CAS-2056,2025-12-19,75896,11,4,"Laser, Press Brake",2025-10-17
1,3172806G01,2025-12-09,5600159429,6,4,"Laser, Press Brake",2025-09-09
19,RTC2727,2025-10-30,3014,17,4,"Laser, Press Brake",2025-10-15
1,8109890G01,2025-11-04,5600135630,25,4,"Laser, Press Brake",2025-10-22
1,8109890G01,2025-10-29,7000395537,15,4,"Laser, Press Brake",2025-09-25
1,8109766G01,2025-10-29,7000395537,18,4,"Laser, Press Brake",2025-09-29
1,3155483H01,2026-01-05,5600157128,78,5,"Laser, Press Brake",2025-10-23
1,3156069H01,2026-01-08,5600157128,42,4,"Laser, Press Brake",2025-10-23
1,8104875G01,2026-01-05,5600133252,18,4,"Laser, Press Brake",2025-10-23
18,84A212139P1,2025-12-12,9029,5,2,Water Jet,2025-10-23
1,3165557G01,2026-01-14,5600157128,9,4,"Laser, Press Brake",2025-10-24
1,3156412G01,2026-01-07,5600157128,9,5,"Laser, Press Brake",2025-10-24
1,3154653H01,2026-01-08,5600157128,460,4,"Laser, Press Brake",2025-10-24
1,3155037H02,2026-01-09,5600157128,20,4,"Laser, Press Brake",2025-10-24
9,EY627733G01,2026-01-12,194107,242,1,Laser,2025-10-24
9,EY628023G01,2026-01-12,194107,242,1,Laser,2025-10-24
10,100701728,2026-01-09,17267,7,1,Laser,2025-10-24
9,EY627003H01,2026-01-12,194107,250,4,"Laser, Press Brake",2025-10-24
1,100458317,2026-01-13,5600170539,49,2,Water Jet,2025-10-28
1,3156333H01,2025-12-11,5600170539,65,2,Water Jet,2025-10-28
1,3157661H01,2025-12-09,5600170539,34,2,Water Jet,2025-10-28
1,3158709H01,2025-12-09,5600170539,32,5,"Laser, Press Brake",2025-10-28
1,3152610G01,2025-12-09,5600170539,20,4,"Laser, Press Brake",2025-10-28
1,3156826H01,2025-12-09,5600170539,112,5,"Laser, Press Brake",2025-10-28
1,3158807H01,2025-12-09,5600170539,259,1,Laser,2025-10-28
1,3158808H01,2025-12-09,5600170539,66,1,Laser,2025-10-28
1,3162351H01,2025-12-09,5600170539,20,5,"Laser, Press Brake",2025-10-28
1,3162727G01,2025-12-17,5600170539,8,5,"Laser, Press Brake",2025-10-28
1,3163741H01,2025-12-09,5600170539,30,5,"Laser, Press Brake",2025-10-28
1,3164959H01,2025-12-09,5600170539,45,1,Laser,2025-10-28
1,4077B46H01,2025-12-17,5600170539,38,1,Laser,2025-10-28
1,3158089H01,2025-12-17,5600170539,40,4,"Laser, Press Brake",2025-10-28
1,8110325G01,2025-12-02,5600133250,20,1,Laser,2025-10-28
1,3155286G01,2025-12-11,5600173315,1,4,Laser. Press Brake,2025-10-31
1,3021554H01,2025-11-22,NONE,16,2,Water Jet,2025-10-31
1,3178005H01,2025-11-15,4600137076,45,1,Laser,2025-10-29
1,3163517H10,2025-11-15,4600137076,45,4,"Laser, Press Brake",2025-10-29
1,3178005H02,2025-11-15,4600137076,45,4,"Laser, Press Brake",2025-10-29
1,3159980H07,2025-11-15,4600137076,50,4,"Laser, Press Brake",2025-10-29
1,100472706,2026-01-13,5600170539,35,5,"Laser, Press Brake",2025-10-29
1,100462745,2026-01-13,5600170539,49,5,"Laser, Press Brake",2025-10-29
1,100461088,2026-01-13,5600170539,40,4,"Laser, Press Brake",2025-10-29
1,3158459G01,2026-01-13,5600170539,36,4,"Laser, Press Brake",2025-10-29
1,3159975G01,2026-01-05,5600170539,64,5,"Laser, Press Brake",2025-10-29
1,3158806H01,2026-01-13,5600170539,170,1,Laser,2025-10-29
1,3162214H01,2026-01-13,5600170539,96,5,"Laser, Press Brake",2025-10-29
1,1B41765H01,2025-12-22,4101996740,6,1,Laser,2025-11-05
1,3153609G01,2025-12-11,5600157128,65,5,"Laser, Press Brake",2025-10-31
1,3166524G01,2025-12-15,5600157128,50,5,"Laser, Press Brake",2025-10-31
1,8109758G01,2026-01-26,5600130809,52,4,"Laser, Press Brake",2025-10-31
1,3157823G02,2026-01-29,5600130504,132,4,"Laser, Press Brake",2025-10-31
1,3158806H01,2026-01-29,5600157128,38,1,Laser,2025-10-31
1,3153447G09,2026-01-27,5600157128,16,5,"Laser, Press Brake",2025-10-31
1,3156412G03,2026-01-20,5600157128,20,5,"Laser, Press Brake",2025-10-31
2,100641H01,2026-01-16,PT22085,96,1,Laser,2025-10-31
1,3166771G40,2025-12-02,5600157128,124,5,"Laser, Press Brake",2025-11-06
1,8109766G01,2026-01-29,5600135630,11,4,"Laser, Press Brake",2025-11-06
1,8109764G01,2026-01-15,5600135630,50,4,"Laser, Press Brake",2025-11-06
1,3163517G04,2025-11-15,4600137076,52,4,"Laser, Press Brake",2025-11-07
3,D5600H144-D01,2026-02-23,4512382740,55,4,"Laser, Press Brake",2025-11-14
1,3EST000220-1936,2026-02-04,5600133391,30,1,Laser,2025-11-14
1,3EST000220-1246,2026-02-17,5600130814,27,4,"Laser, Press Brake",2025-11-14
1,3155037H01,2026-02-04,5600157128,48,4,"Laser, Press Brake",2025-11-14
12,8104631G01,2026-02-05,R6516,100,1,Laser,2025-11-14
1,3027577H02,2026-01-28,5600173182,6,5,"Laser, Press Brake",2025-11-17
1,3034583G01,2025-12-30,5600173182,36,2,Water Jet,2025-11-17
1,3024762H03,2025-12-30,5600173182,4,5,"Laser, Press Brake",2025-11-17
1,3156965H03,2026-02-20,5600157128,63,4,"Laser, Press Brake",2025-11-17
1,3159981H02,2026-02-05,5600157128,60,1,Laser,2025-11-17
1,3165718H01,2026-02-05,5600157128,15,5,"Laser, Press Brake",2025-11-17
1,8101398G01,2026-02-02,5600133253,48,5,"Laser, Press Brake",2025-11-17
19,HEY264396-H03,2025-12-15,3001,540,4,"Laser, Press Brake",2025-11-10
19,HEY266454-G01,2025-12-15,3001,315,4,"Laser, Press Brake",2025-11-10
19,HEY266454-G02,2026-01-15,3001,315,4,"Laser, Press Brake",2025-11-10
2,HEY633845-G01,2025-12-15,PT20819,135,4,"Laser, Press Brake",2025-11-10
2,HEY633845-G02,2025-12-15,PT20819,135,4,"Laser, Press Brake",2025-11-10
1,8100146G04,2026-02-04,5600130822,264,4,"Laser, Press Brake",2025-11-17
1,3156018H03,2026-02-06,5600157128,27,2,Water Jet,2025-11-17
1,1503F84H10,2026-02-17,4101927890,7,5,"Laser, Press Brake",2025-11-18
1,8840D91H01,2026-02-17,4101927890,7,5,"Laser, Press Brake",2025-11-18
1,1503F84H08,2026-02-17,4101927890,7,5,"Laser, Press Brake",2025-11-18
1,1503F84H07,2026-02-17,4101927890,7,5,"Laser, Press Brake",2025-11-18
1,8840D88G01,2026-02-17,4101927890,7,5,"Laser, Press Brake",2025-11-18
1,3157553H01,2026-02-01,4102022455,2,4,"Laser, Press Brake",2025-11-18
1,3156068H01,2026-01-15,5600157128,36,4,"Laser, Press Brake",2025-11-18
1,3156068H03,2026-02-10,5600157128,36,4,"Laser, Press Brake",2025-11-18
1,3166525G01,2026-02-12,5600157128,22,1,Laser,2025-11-18
1,3157003H01,2026-02-10,5600170539,96,2,Water Jet,2025-11-18
1,100460749,2026-02-10,5600170539,86,2,Water Jet,2025-11-18
1,3157002H01,2026-02-10,5600170539,82,2,Water Jet,2025-11-18
1,6D61219H01,2026-02-05,4102036926,7,5,"Laser, Water Jet",2025-12-01
1,3156229H01,2026-02-12,5600157128,288,1,Laser,2025-12-01
1,1B41773H01,2026-02-21,4102018105,200,1,Laser,2025-12-01
1,8107697G01,2026-02-13,5600133253,153,1,Laser,2025-12-01
11,BRASSBOLTCLIP,2025-12-19,VERBAL/MIKE,9,5,"Water Jet, Press Brake",2025-12-04
1,404P374149,2026-01-15,4101958874,184,1,Laser,2025-12-04
3,D490H168-A01,2026-01-26,4512542848,6,5,"Laser, Press Brake",2025-12-04
1,3163973H02,2026-02-12,5600157128,26,5,"Laser, Press Brake",2025-11-20
10,100623272,2026-01-05,18077,38,5,"Laser, Press Brake",2025-12-08
1,3025602G02,2026-02-03,5600173182,9,5,"Laser, Press Brake",2025-11-20
1,3159981H01,2026-01-28,5600157128,351,1,Laser,2025-11-20
1,3157604H01,2026-02-17,5600173182,37,1,Laser,2025-11-20
1,1C44813H03,2026-01-16,4102025484,3,1,Laser,2025-11-24
1,3024525H05,2026-01-30,4102035916,17,4,"Laser, Press Brake",2025-11-24
1,3024525H06,2026-01-30,4102035916,17,4,"Laser, Press Brake",2025-11-24
1,8104542G01,2026-02-09,5600176062,5,5,"Laser, Press Brake",2025-12-12
1,8105815G01,2026-02-09,5600176062,5,4,"Water Jet, Press Brake",2025-12-12
1,8105404G01,2026-02-09,5600176062,6,4,"Water Jet, Press Brake",2025-12-12
1,8105402G01,2026-02-09,5600176062,4,4,"Water Jet, Press Brake",2025-12-12
1,8105419G01,2026-02-09,5600176062,8,5,"Water Jet, Press Brake",2025-12-12
1,8105406G01,2026-02-09,5600176062,20,5,"Water Jet, Press Brake",2025-12-12
1,8105401G01,2026-02-09,5600176062,8,5,"Water Jet, Press Brake",2025-12-12
1,8109542G01,2026-02-26,5600130807,16,4,"Laser, Press Brake",2025-12-16
18,84C638313P1,2026-02-27,9195,43,5,"Water Jet, Press Brake",2025-11-24
18,84C638314P1,2026-02-27,9195,36,5,"Water Jet, Press Brake",2025-11-24
18,84C638315P1,2026-02-27,9195,43,5,"Water Jet, Press Brake",2025-11-24
1,5D75518G01,2026-02-16,4102063274,3,1,Laser,2025-12-15
1,3034851H01,2026-02-27,5600173363,2,1,Laser,2025-12-15
1,3176639H01,2026-02-09,4102063421,2,1,Laser,2025-12-15
1,3159484H01,2026-01-08,5600151574,32,4,Laser,2025-12-16
1,3153447G03,2026-02-12,5600157128,14,5,"Laser, Press Brake",2025-12-16
1,3EST000220-1252,2026-02-26,5600133391,15,5,"Laser, Press Brake",2025-12-16
1,1B41765H01,2026-02-06,4101996740,6,1,Laser,2025-12-16
1,3169091H01,2026-02-12,4102055693,6,2,Water Jet,2025-12-16
1,1C47624H01,2026-02-05,4102055693,2,5,"Laser, Press Brake",2025-12-16
1,8101084G01,2026-02-26,4102063940,8,5,"Water Jet, Press Brake",2025-12-16
11,BRASSBOLTCLIP,2026-01-15,VERBAL/MIKE,30,5,"Water Jet, Press Brake",2025-12-17
